{
"meta":{"test_sets":[],"test_metrics":[],"learn_metrics":[{"best_value":"Min","name":"Logloss"}],"launch_mode":"Train","parameters":"","iteration_count":1000,"learn_sets":["learn"],"name":"experiment"},
"iterations":[
{"learn":[0.6882250557],"iteration":0,"passed_time":0.05771426931,"remaining_time":57.65655504},
{"learn":[0.6827376621],"iteration":1,"passed_time":0.0609513344,"remaining_time":30.41471587},
{"learn":[0.6757219891],"iteration":2,"passed_time":0.06421420268,"remaining_time":21.34052002},
{"learn":[0.6682682695],"iteration":3,"passed_time":0.06731712353,"remaining_time":16.76196376},
{"learn":[0.6625525059],"iteration":4,"passed_time":0.072232067,"remaining_time":14.37418133},
{"learn":[0.6564180749],"iteration":5,"passed_time":0.07673017115,"remaining_time":12.71163169},
{"learn":[0.6504821633],"iteration":6,"passed_time":0.0797342434,"remaining_time":11.31087196},
{"learn":[0.6455680258],"iteration":7,"passed_time":0.08301352561,"remaining_time":10.29367718},
{"learn":[0.6415473775],"iteration":8,"passed_time":0.08624970523,"remaining_time":9.497050875},
{"learn":[0.6367825852],"iteration":9,"passed_time":0.08940424837,"remaining_time":8.851020589},
{"learn":[0.6298877893],"iteration":10,"passed_time":0.09270710873,"remaining_time":8.335211867},
{"learn":[0.6249086434],"iteration":11,"passed_time":0.09605816996,"remaining_time":7.908789327},
{"learn":[0.6210122989],"iteration":12,"passed_time":0.09940361245,"remaining_time":7.547028115},
{"learn":[0.6165916969],"iteration":13,"passed_time":0.1025772582,"remaining_time":7.224369757},
{"learn":[0.6116912895],"iteration":14,"passed_time":0.1057191725,"remaining_time":6.94222566},
{"learn":[0.6082986584],"iteration":15,"passed_time":0.108822612,"remaining_time":6.692590638},
{"learn":[0.6040099316],"iteration":16,"passed_time":0.1119342939,"remaining_time":6.472435936},
{"learn":[0.5977515758],"iteration":17,"passed_time":0.1150200376,"remaining_time":6.274982053},
{"learn":[0.5926912711],"iteration":18,"passed_time":0.1182320991,"remaining_time":6.104509958},
{"learn":[0.5885690788],"iteration":19,"passed_time":0.1217042011,"remaining_time":5.963505856},
{"learn":[0.5838784082],"iteration":20,"passed_time":0.1250311792,"remaining_time":5.828834497},
{"learn":[0.5779707373],"iteration":21,"passed_time":0.1286815413,"remaining_time":5.720479426},
{"learn":[0.5735898563],"iteration":22,"passed_time":0.1317954023,"remaining_time":5.598439481},
{"learn":[0.5703446443],"iteration":23,"passed_time":0.1348802674,"remaining_time":5.485130874},
{"learn":[0.5663836264],"iteration":24,"passed_time":0.1378780309,"remaining_time":5.377243205},
{"learn":[0.5615878814],"iteration":25,"passed_time":0.1409083145,"remaining_time":5.278642245},
{"learn":[0.5578621368],"iteration":26,"passed_time":0.1439023352,"remaining_time":5.185813785},
{"learn":[0.5528071052],"iteration":27,"passed_time":0.1469926318,"remaining_time":5.102744218},
{"learn":[0.54784082],"iteration":28,"passed_time":0.1499508623,"remaining_time":5.020768527},
{"learn":[0.5445603399],"iteration":29,"passed_time":0.1530185571,"remaining_time":4.947600012},
{"learn":[0.5407268022],"iteration":30,"passed_time":0.1560231743,"remaining_time":4.876982449},
{"learn":[0.5361051102],"iteration":31,"passed_time":0.1589090754,"remaining_time":4.80699953},
{"learn":[0.5313863686],"iteration":32,"passed_time":0.1618896813,"remaining_time":4.743858237},
{"learn":[0.5268518557],"iteration":33,"passed_time":0.164806007,"remaining_time":4.682429492},
{"learn":[0.5228417562],"iteration":34,"passed_time":0.1679297141,"remaining_time":4.630062117},
{"learn":[0.5187210207],"iteration":35,"passed_time":0.1709192352,"remaining_time":4.576837298},
{"learn":[0.5143824874],"iteration":36,"passed_time":0.1737979875,"remaining_time":4.523444917},
{"learn":[0.5108172039],"iteration":37,"passed_time":0.1768282338,"remaining_time":4.47654634},
{"learn":[0.5068884411],"iteration":38,"passed_time":0.1798533696,"remaining_time":4.431771493},
{"learn":[0.5024558694],"iteration":39,"passed_time":0.1827979531,"remaining_time":4.387150874},
{"learn":[0.4988425107],"iteration":40,"passed_time":0.185837571,"remaining_time":4.346786112},
{"learn":[0.4943022871],"iteration":41,"passed_time":0.1888183919,"remaining_time":4.306857606},
{"learn":[0.489609826],"iteration":42,"passed_time":0.1917842135,"remaining_time":4.268313775},
{"learn":[0.4870525098],"iteration":43,"passed_time":0.1976723217,"remaining_time":4.294880445},
{"learn":[0.483458866],"iteration":44,"passed_time":0.201290836,"remaining_time":4.271838852},
{"learn":[0.4810175666],"iteration":45,"passed_time":0.2046213986,"remaining_time":4.243669876},
{"learn":[0.4768288128],"iteration":46,"passed_time":0.2086704983,"remaining_time":4.231127339},
{"learn":[0.472416827],"iteration":47,"passed_time":0.2117265293,"remaining_time":4.19924283},
{"learn":[0.4699640636],"iteration":48,"passed_time":0.2147998346,"remaining_time":4.168870259},
{"learn":[0.4669371489],"iteration":49,"passed_time":0.218099844,"remaining_time":4.143897036},
{"learn":[0.4641560479],"iteration":50,"passed_time":0.2210440433,"remaining_time":4.113152885},
{"learn":[0.4615695961],"iteration":51,"passed_time":0.2240661005,"remaining_time":4.08489737},
{"learn":[0.4587500294],"iteration":52,"passed_time":0.2272239196,"remaining_time":4.060019846},
{"learn":[0.4548614998],"iteration":53,"passed_time":0.2303652516,"remaining_time":4.035657926},
{"learn":[0.4513824349],"iteration":54,"passed_time":0.2333627455,"remaining_time":4.009596264},
{"learn":[0.4491981495],"iteration":55,"passed_time":0.2366748892,"remaining_time":3.989662419},
{"learn":[0.4458026251],"iteration":56,"passed_time":0.2400825247,"remaining_time":3.971891592},
{"learn":[0.4425901454],"iteration":57,"passed_time":0.2434353409,"remaining_time":3.95372571},
{"learn":[0.4398373101],"iteration":58,"passed_time":0.2465809939,"remaining_time":3.932757886},
{"learn":[0.4376178293],"iteration":59,"passed_time":0.2497363303,"remaining_time":3.912535841},
{"learn":[0.4334033626],"iteration":60,"passed_time":0.2530694039,"remaining_time":3.895609348},
{"learn":[0.4304231666],"iteration":61,"passed_time":0.2562427119,"remaining_time":3.876704255},
{"learn":[0.4287691599],"iteration":62,"passed_time":0.2595060707,"remaining_time":3.859637908},
{"learn":[0.4260684736],"iteration":63,"passed_time":0.2627018882,"remaining_time":3.842015115},
{"learn":[0.4233020584],"iteration":64,"passed_time":0.2658963798,"remaining_time":3.824817155},
{"learn":[0.4203615686],"iteration":65,"passed_time":0.2690822762,"remaining_time":3.807921909},
{"learn":[0.4178398429],"iteration":66,"passed_time":0.272260518,"remaining_time":3.791329303},
{"learn":[0.4144739063],"iteration":67,"passed_time":0.2761202584,"remaining_time":3.784471776},
{"learn":[0.4128016687],"iteration":68,"passed_time":0.2792809302,"remaining_time":3.768268783},
{"learn":[0.4103550673],"iteration":69,"passed_time":0.2823783515,"remaining_time":3.751598098},
{"learn":[0.4085466634],"iteration":70,"passed_time":0.2854590165,"remaining_time":3.735090511},
{"learn":[0.4059706991],"iteration":71,"passed_time":0.2886643832,"remaining_time":3.720563162},
{"learn":[0.4037025996],"iteration":72,"passed_time":0.2916867695,"remaining_time":3.704022401},
{"learn":[0.4010695589],"iteration":73,"passed_time":0.2946872367,"remaining_time":3.687572718},
{"learn":[0.3984904689],"iteration":74,"passed_time":0.2978563519,"remaining_time":3.673561673},
{"learn":[0.3965374631],"iteration":75,"passed_time":0.3009740025,"remaining_time":3.659210241},
{"learn":[0.3934421934],"iteration":76,"passed_time":0.3042533411,"remaining_time":3.647088751},
{"learn":[0.3913477685],"iteration":77,"passed_time":0.3072442281,"remaining_time":3.631784338},
{"learn":[0.3894793192],"iteration":78,"passed_time":0.3102349474,"remaining_time":3.616789703},
{"learn":[0.3869470203],"iteration":79,"passed_time":0.3132865083,"remaining_time":3.602794845},
{"learn":[0.3851898836],"iteration":80,"passed_time":0.3164751952,"remaining_time":3.59062598},
{"learn":[0.3829379634],"iteration":81,"passed_time":0.3195249265,"remaining_time":3.577120518},
{"learn":[0.3812243606],"iteration":82,"passed_time":0.3225793955,"remaining_time":3.563919346},
{"learn":[0.3785184111],"iteration":83,"passed_time":0.3256868769,"remaining_time":3.551537848},
{"learn":[0.3765843784],"iteration":84,"passed_time":0.328828888,"remaining_time":3.539746265},
{"learn":[0.3746984443],"iteration":85,"passed_time":0.3318347453,"remaining_time":3.526708805},
{"learn":[0.373259407],"iteration":86,"passed_time":0.3352348974,"remaining_time":3.518039786},
{"learn":[0.3708464676],"iteration":87,"passed_time":0.3384952397,"remaining_time":3.508041576},
{"learn":[0.3692322205],"iteration":88,"passed_time":0.3419190141,"remaining_time":3.499867661},
{"learn":[0.3675153312],"iteration":89,"passed_time":0.3450249246,"remaining_time":3.488585348},
{"learn":[0.3659287887],"iteration":90,"passed_time":0.3482871496,"remaining_time":3.479044165},
{"learn":[0.3648031285],"iteration":91,"passed_time":0.3515444887,"remaining_time":3.469591258},
{"learn":[0.3628883962],"iteration":92,"passed_time":0.3546382817,"remaining_time":3.458676575},
{"learn":[0.3615043717],"iteration":93,"passed_time":0.3575951704,"remaining_time":3.44660877},
{"learn":[0.3586417579],"iteration":94,"passed_time":0.3606285736,"remaining_time":3.435461675},
{"learn":[0.3571479198],"iteration":95,"passed_time":0.3635944097,"remaining_time":3.423847358},
{"learn":[0.3553249557],"iteration":96,"passed_time":0.3666849772,"remaining_time":3.413572519},
{"learn":[0.3542700308],"iteration":97,"passed_time":0.3698923272,"remaining_time":3.404519175},
{"learn":[0.3520792763],"iteration":98,"passed_time":0.3730123265,"remaining_time":3.394788951},
{"learn":[0.3500153756],"iteration":99,"passed_time":0.3761557772,"remaining_time":3.385401995},
{"learn":[0.3478218568],"iteration":100,"passed_time":0.3791595658,"remaining_time":3.374895541},
{"learn":[0.3459078801],"iteration":101,"passed_time":0.382285033,"remaining_time":3.365607447},
{"learn":[0.3441007009],"iteration":102,"passed_time":0.3855027168,"remaining_time":3.357242106},
{"learn":[0.3424207988],"iteration":103,"passed_time":0.3886601509,"remaining_time":3.348456685},
{"learn":[0.3407518032],"iteration":104,"passed_time":0.3921991355,"remaining_time":3.343030726},
{"learn":[0.3389039231],"iteration":105,"passed_time":0.3968256479,"remaining_time":3.34681254},
{"learn":[0.3374791431],"iteration":106,"passed_time":0.4006695012,"remaining_time":3.343905276},
{"learn":[0.3357767585],"iteration":107,"passed_time":0.4057236839,"remaining_time":3.350977093},
{"learn":[0.3345223919],"iteration":108,"passed_time":0.4107563973,"remaining_time":3.357650917},
{"learn":[0.3322774285],"iteration":109,"passed_time":0.41426534,"remaining_time":3.351783205},
{"learn":[0.3310369613],"iteration":110,"passed_time":0.417636847,"remaining_time":3.34485727},
{"learn":[0.3295284004],"iteration":111,"passed_time":0.4209702493,"remaining_time":3.337692691},
{"learn":[0.3275195205],"iteration":112,"passed_time":0.4242239156,"remaining_time":3.329970028},
{"learn":[0.3260703565],"iteration":113,"passed_time":0.4273231241,"remaining_time":3.321125333},
{"learn":[0.3240986408],"iteration":114,"passed_time":0.4304046691,"remaining_time":3.312244628},
{"learn":[0.3224493487],"iteration":115,"passed_time":0.4334041849,"remaining_time":3.302838789},
{"learn":[0.3215684586],"iteration":116,"passed_time":0.436556953,"remaining_time":3.294699056},
{"learn":[0.3201795884],"iteration":117,"passed_time":0.4395405045,"remaining_time":3.285379025},
{"learn":[0.318599059],"iteration":118,"passed_time":0.4426275373,"remaining_time":3.2769316},
{"learn":[0.3169272164],"iteration":119,"passed_time":0.4456522963,"remaining_time":3.26811684},
{"learn":[0.3158190143],"iteration":120,"passed_time":0.4507014113,"remaining_time":3.274103641},
{"learn":[0.3138863527],"iteration":121,"passed_time":0.4555248945,"remaining_time":3.278285716},
{"learn":[0.3124358768],"iteration":122,"passed_time":0.458843491,"remaining_time":3.271591395},
{"learn":[0.3108110461],"iteration":123,"passed_time":0.4619146086,"remaining_time":3.263203202},
{"learn":[0.3100583576],"iteration":124,"passed_time":0.4651497618,"remaining_time":3.256048333},
{"learn":[0.308590901],"iteration":125,"passed_time":0.4681537927,"remaining_time":3.247352499},
{"learn":[0.3070851849],"iteration":126,"passed_time":0.4714989934,"remaining_time":3.241091506},
{"learn":[0.3060146826],"iteration":127,"passed_time":0.474418335,"remaining_time":3.231974907},
{"learn":[0.3046466526],"iteration":128,"passed_time":0.4775313901,"remaining_time":3.224262332},
{"learn":[0.3028700411],"iteration":129,"passed_time":0.4808874842,"remaining_time":3.218247009},
{"learn":[0.3017756616],"iteration":130,"passed_time":0.4841709728,"remaining_time":3.211790652},
{"learn":[0.3003331771],"iteration":131,"passed_time":0.4891342331,"remaining_time":3.216428139},
{"learn":[0.2992449591],"iteration":132,"passed_time":0.4925561447,"remaining_time":3.210873514},
{"learn":[0.2974549985],"iteration":133,"passed_time":0.4958574723,"remaining_time":3.204571425},
{"learn":[0.2962441802],"iteration":134,"passed_time":0.4993484483,"remaining_time":3.199528946},
{"learn":[0.2951777852],"iteration":135,"passed_time":0.5027016523,"remaining_time":3.193634026},
{"learn":[0.2942142471],"iteration":136,"passed_time":0.5058752803,"remaining_time":3.186645014},
{"learn":[0.2932972867],"iteration":137,"passed_time":0.5110260171,"remaining_time":3.192061063},
{"learn":[0.2921695291],"iteration":138,"passed_time":0.5149660308,"remaining_time":3.189825558},
{"learn":[0.2905599135],"iteration":139,"passed_time":0.5181249776,"remaining_time":3.18276772},
{"learn":[0.2890931181],"iteration":140,"passed_time":0.521952047,"remaining_time":3.17983552},
{"learn":[0.2878892634],"iteration":141,"passed_time":0.5269164577,"remaining_time":3.183762822},
{"learn":[0.2868431563],"iteration":142,"passed_time":0.5305958689,"remaining_time":3.179864753},
{"learn":[0.2855896919],"iteration":143,"passed_time":0.5339121573,"remaining_time":3.173811157},
{"learn":[0.2842982866],"iteration":144,"passed_time":0.5371623194,"remaining_time":3.167405401},
{"learn":[0.2829833448],"iteration":145,"passed_time":0.540652794,"remaining_time":3.162448535},
{"learn":[0.2816177036],"iteration":146,"passed_time":0.5439902591,"remaining_time":3.156623748},
{"learn":[0.2807732468],"iteration":147,"passed_time":0.5471938041,"remaining_time":3.150061629},
{"learn":[0.2798654184],"iteration":148,"passed_time":0.5507298927,"remaining_time":3.145443884},
{"learn":[0.278390133],"iteration":149,"passed_time":0.5541224865,"remaining_time":3.140027423},
{"learn":[0.2776361267],"iteration":150,"passed_time":0.5571685086,"remaining_time":3.132689164},
{"learn":[0.2764032267],"iteration":151,"passed_time":0.560336607,"remaining_time":3.126088439},
{"learn":[0.2755945435],"iteration":152,"passed_time":0.5635019253,"remaining_time":3.119517194},
{"learn":[0.2745724613],"iteration":153,"passed_time":0.5668164,"remaining_time":3.113809574},
{"learn":[0.2730603554],"iteration":154,"passed_time":0.5718049234,"remaining_time":3.117259099},
{"learn":[0.2720954551],"iteration":155,"passed_time":0.5766714528,"remaining_time":3.119940424},
{"learn":[0.270917132],"iteration":156,"passed_time":0.5801973936,"remaining_time":3.115327406},
{"learn":[0.2698633495],"iteration":157,"passed_time":0.5834256812,"remaining_time":3.109141921},
{"learn":[0.2687566831],"iteration":158,"passed_time":0.5866981597,"remaining_time":3.103227373},
{"learn":[0.268005733],"iteration":159,"passed_time":0.5916409859,"remaining_time":3.106115176},
{"learn":[0.2670568576],"iteration":160,"passed_time":0.5953671812,"remaining_time":3.102565621},
{"learn":[0.2662725206],"iteration":161,"passed_time":0.5987625946,"remaining_time":3.097302804},
{"learn":[0.2653831792],"iteration":162,"passed_time":0.6020806057,"remaining_time":3.091665441},
{"learn":[0.2644245644],"iteration":163,"passed_time":0.6052675339,"remaining_time":3.085388161},
{"learn":[0.2634131877],"iteration":164,"passed_time":0.608410776,"remaining_time":3.07892726},
{"learn":[0.2625662767],"iteration":165,"passed_time":0.611391356,"remaining_time":3.071689102},
{"learn":[0.2615485124],"iteration":166,"passed_time":0.614515824,"remaining_time":3.065219649},
{"learn":[0.2606001609],"iteration":167,"passed_time":0.6175678908,"remaining_time":3.058431459},
{"learn":[0.2598382713],"iteration":168,"passed_time":0.6205704453,"remaining_time":3.051444024},
{"learn":[0.2590747991],"iteration":169,"passed_time":0.6234856214,"remaining_time":3.044076857},
{"learn":[0.2583875345],"iteration":170,"passed_time":0.6266333617,"remaining_time":3.037889221},
{"learn":[0.2573253933],"iteration":171,"passed_time":0.6295287993,"remaining_time":3.030522359},
{"learn":[0.2562583381],"iteration":172,"passed_time":0.6328056133,"remaining_time":3.025030301},
{"learn":[0.2548773491],"iteration":173,"passed_time":0.635997788,"remaining_time":3.019161913},
{"learn":[0.2543038952],"iteration":174,"passed_time":0.6389286421,"remaining_time":3.01209217},
{"learn":[0.2534364918],"iteration":175,"passed_time":0.642133203,"remaining_time":3.006350905},
{"learn":[0.2526784827],"iteration":176,"passed_time":0.64519981,"remaining_time":2.999996857},
{"learn":[0.2518509287],"iteration":177,"passed_time":0.648223343,"remaining_time":2.993480831},
{"learn":[0.2511476235],"iteration":178,"passed_time":0.6512556885,"remaining_time":2.987044247},
{"learn":[0.2498424654],"iteration":179,"passed_time":0.6542424309,"remaining_time":2.980437741},
{"learn":[0.2486857719],"iteration":180,"passed_time":0.6572348257,"remaining_time":2.973896808},
{"learn":[0.247618399],"iteration":181,"passed_time":0.6602505904,"remaining_time":2.967499906},
{"learn":[0.2463643667],"iteration":182,"passed_time":0.6634027785,"remaining_time":2.961749017},
{"learn":[0.2453850483],"iteration":183,"passed_time":0.6665417041,"remaining_time":2.955967557},
{"learn":[0.2448264055],"iteration":184,"passed_time":0.6696977723,"remaining_time":2.950290186},
{"learn":[0.2442462496],"iteration":185,"passed_time":0.672861027,"remaining_time":2.944671376},
{"learn":[0.2434319345],"iteration":186,"passed_time":0.6760406497,"remaining_time":2.93914999},
{"learn":[0.2425245281],"iteration":187,"passed_time":0.6792123958,"remaining_time":2.933619497},
{"learn":[0.241556496],"iteration":188,"passed_time":0.6821912108,"remaining_time":2.927286095},
{"learn":[0.2409227599],"iteration":189,"passed_time":0.685133462,"remaining_time":2.920832127},
{"learn":[0.2402725823],"iteration":190,"passed_time":0.6880375361,"remaining_time":2.914253229},
{"learn":[0.239694211],"iteration":191,"passed_time":0.6911012735,"remaining_time":2.908384526},
{"learn":[0.2387388269],"iteration":192,"passed_time":0.6943021388,"remaining_time":2.90311827},
{"learn":[0.2381708579],"iteration":193,"passed_time":0.6973539229,"remaining_time":2.897253927},
{"learn":[0.2374063172],"iteration":194,"passed_time":0.7002579729,"remaining_time":2.890808555},
{"learn":[0.2364134068],"iteration":195,"passed_time":0.7031754017,"remaining_time":2.884454199},
{"learn":[0.235576916],"iteration":196,"passed_time":0.706118717,"remaining_time":2.878240252},
{"learn":[0.2347131503],"iteration":197,"passed_time":0.7090717729,"remaining_time":2.872098797},
{"learn":[0.2342310077],"iteration":198,"passed_time":0.7121138867,"remaining_time":2.866347856},
{"learn":[0.2334561124],"iteration":199,"passed_time":0.7149462604,"remaining_time":2.859785042},
{"learn":[0.2323619193],"iteration":200,"passed_time":0.7179878674,"remaining_time":2.854091075},
{"learn":[0.2319587235],"iteration":201,"passed_time":0.7211349859,"remaining_time":2.848840192},
{"learn":[0.2311348845],"iteration":202,"passed_time":0.7243768343,"remaining_time":2.843981955},
{"learn":[0.2302704364],"iteration":203,"passed_time":0.7272844966,"remaining_time":2.837835585},
{"learn":[0.2296110622],"iteration":204,"passed_time":0.7302939103,"remaining_time":2.832115408},
{"learn":[0.2286107558],"iteration":205,"passed_time":0.7332259095,"remaining_time":2.826123166},
{"learn":[0.2278152182],"iteration":206,"passed_time":0.736192802,"remaining_time":2.820294164},
{"learn":[0.2271117211],"iteration":207,"passed_time":0.7395745437,"remaining_time":2.816072301},
{"learn":[0.2262794987],"iteration":208,"passed_time":0.7424618621,"remaining_time":2.809987239},
{"learn":[0.2252464472],"iteration":209,"passed_time":0.7457069709,"remaining_time":2.805278605},
{"learn":[0.2247790185],"iteration":210,"passed_time":0.7486513735,"remaining_time":2.799459401},
{"learn":[0.2235921789],"iteration":211,"passed_time":0.7517104508,"remaining_time":2.794093562},
{"learn":[0.2230673425],"iteration":212,"passed_time":0.7549653103,"remaining_time":2.789472766},
{"learn":[0.2223548153],"iteration":213,"passed_time":0.7580278018,"remaining_time":2.784158188},
{"learn":[0.2217612187],"iteration":214,"passed_time":0.7609203652,"remaining_time":2.778244124},
{"learn":[0.2210564002],"iteration":215,"passed_time":0.7639932142,"remaining_time":2.773012407},
{"learn":[0.2204113796],"iteration":216,"passed_time":0.7669990024,"remaining_time":2.767558612},
{"learn":[0.2194877651],"iteration":217,"passed_time":0.7701232018,"remaining_time":2.762552036},
{"learn":[0.218735684],"iteration":218,"passed_time":0.7731063432,"remaining_time":2.757059608},
{"learn":[0.2182193439],"iteration":219,"passed_time":0.7760776349,"remaining_time":2.751547978},
{"learn":[0.217659183],"iteration":220,"passed_time":0.7790244879,"remaining_time":2.745973195},
{"learn":[0.2168841602],"iteration":221,"passed_time":0.7820466369,"remaining_time":2.740685962},
{"learn":[0.216048515],"iteration":222,"passed_time":0.7852684835,"remaining_time":2.736114851},
{"learn":[0.2152226165],"iteration":223,"passed_time":0.7902662662,"remaining_time":2.737708136},
{"learn":[0.2143900427],"iteration":224,"passed_time":0.7933296454,"remaining_time":2.73257989},
{"learn":[0.213861763],"iteration":225,"passed_time":0.7964703329,"remaining_time":2.72773468},
{"learn":[0.2130530861],"iteration":226,"passed_time":0.7995423818,"remaining_time":2.722670754},
{"learn":[0.2125591853],"iteration":227,"passed_time":0.8026902725,"remaining_time":2.717881098},
{"learn":[0.2119082522],"iteration":228,"passed_time":0.805584446,"remaining_time":2.712251563},
{"learn":[0.2111391651],"iteration":229,"passed_time":0.8086183333,"remaining_time":2.707113551},
{"learn":[0.2103613379],"iteration":230,"passed_time":0.81166304,"remaining_time":2.702029774},
{"learn":[0.2098558215],"iteration":231,"passed_time":0.814713484,"remaining_time":2.696982568},
{"learn":[0.2088340574],"iteration":232,"passed_time":0.8176835765,"remaining_time":2.691687997},
{"learn":[0.2082234946],"iteration":233,"passed_time":0.8206408311,"remaining_time":2.686371268},
{"learn":[0.207741925],"iteration":234,"passed_time":0.8236568077,"remaining_time":2.681265778},
{"learn":[0.207229573],"iteration":235,"passed_time":0.826720731,"remaining_time":2.676333214},
{"learn":[0.2067622235],"iteration":236,"passed_time":0.8296085798,"remaining_time":2.670849563},
{"learn":[0.2063508403],"iteration":237,"passed_time":0.8326530291,"remaining_time":2.66588911},
{"learn":[0.2059377931],"iteration":238,"passed_time":0.8365777352,"remaining_time":2.663747517},
{"learn":[0.2053736892],"iteration":239,"passed_time":0.8397245392,"remaining_time":2.659127707},
{"learn":[0.2048857644],"iteration":240,"passed_time":0.8431200644,"remaining_time":2.655303439},
{"learn":[0.2043213831],"iteration":241,"passed_time":0.8466930341,"remaining_time":2.652038512},
{"learn":[0.2039980071],"iteration":242,"passed_time":0.849728011,"remaining_time":2.64709508},
{"learn":[0.2035193616],"iteration":243,"passed_time":0.8527593938,"remaining_time":2.642156155},
{"learn":[0.2028018201],"iteration":244,"passed_time":0.8558009967,"remaining_time":2.637264296},
{"learn":[0.2024381665],"iteration":245,"passed_time":0.8572345553,"remaining_time":2.627458759},
{"learn":[0.2018980161],"iteration":246,"passed_time":0.8602691558,"remaining_time":2.62260192},
{"learn":[0.2015392113],"iteration":247,"passed_time":0.8634060818,"remaining_time":2.618070054},
{"learn":[0.2008498951],"iteration":248,"passed_time":0.8664933115,"remaining_time":2.613399506},
{"learn":[0.2001947341],"iteration":249,"passed_time":0.8695991919,"remaining_time":2.608797576},
{"learn":[0.1996641124],"iteration":250,"passed_time":0.8726048146,"remaining_time":2.603908391},
{"learn":[0.1986657057],"iteration":251,"passed_time":0.8755544105,"remaining_time":2.598867853},
{"learn":[0.1982099116],"iteration":252,"passed_time":0.8786873241,"remaining_time":2.594385103},
{"learn":[0.1976341632],"iteration":253,"passed_time":0.8818393595,"remaining_time":2.589969142},
{"learn":[0.197115493],"iteration":254,"passed_time":0.8851137607,"remaining_time":2.585920595},
{"learn":[0.1964887625],"iteration":255,"passed_time":0.8881274822,"remaining_time":2.581120495},
{"learn":[0.1956847638],"iteration":256,"passed_time":0.8911777267,"remaining_time":2.576439887},
{"learn":[0.1953597782],"iteration":257,"passed_time":0.8942542634,"remaining_time":2.571847533},
{"learn":[0.1947948378],"iteration":258,"passed_time":0.8974712845,"remaining_time":2.56766881},
{"learn":[0.1942744552],"iteration":259,"passed_time":0.9007399311,"remaining_time":2.563644419},
{"learn":[0.1938915297],"iteration":260,"passed_time":0.903677804,"remaining_time":2.558689261},
{"learn":[0.1933210333],"iteration":261,"passed_time":0.906876707,"remaining_time":2.55448477},
{"learn":[0.1927331738],"iteration":262,"passed_time":0.9098254528,"remaining_time":2.549586915},
{"learn":[0.1922891991],"iteration":263,"passed_time":0.9129854338,"remaining_time":2.545292724},
{"learn":[0.1919069416],"iteration":264,"passed_time":0.9160974589,"remaining_time":2.540874084},
{"learn":[0.191386944],"iteration":265,"passed_time":0.9192017193,"remaining_time":2.536443842},
{"learn":[0.1908328841],"iteration":266,"passed_time":0.9223080188,"remaining_time":2.53202913},
{"learn":[0.1902097517],"iteration":267,"passed_time":0.9255155429,"remaining_time":2.527900662},
{"learn":[0.1896675249],"iteration":268,"passed_time":0.9285787476,"remaining_time":2.523386857},
{"learn":[0.1892705428],"iteration":269,"passed_time":0.9315926464,"remaining_time":2.518750488},
{"learn":[0.1887381959],"iteration":270,"passed_time":0.9348164381,"remaining_time":2.514690714},
{"learn":[0.1882723791],"iteration":271,"passed_time":0.9378562442,"remaining_time":2.510144654},
{"learn":[0.1877235883],"iteration":272,"passed_time":0.9410041399,"remaining_time":2.505897472},
{"learn":[0.1873055227],"iteration":273,"passed_time":0.9441614381,"remaining_time":2.501683227},
{"learn":[0.1867989995],"iteration":274,"passed_time":0.9472286033,"remaining_time":2.497239045},
{"learn":[0.1860529246],"iteration":275,"passed_time":0.9502970822,"remaining_time":2.492808288},
{"learn":[0.1854739966],"iteration":276,"passed_time":0.953293523,"remaining_time":2.48819934},
{"learn":[0.1848793788],"iteration":277,"passed_time":0.9564712056,"remaining_time":2.484072699},
{"learn":[0.1843959125],"iteration":278,"passed_time":0.9594765511,"remaining_time":2.479507503},
{"learn":[0.1839465935],"iteration":279,"passed_time":0.9625824215,"remaining_time":2.475211941},
{"learn":[0.1833559959],"iteration":280,"passed_time":0.9655528818,"remaining_time":2.47057837},
{"learn":[0.1829444871],"iteration":281,"passed_time":0.9685434711,"remaining_time":2.466007845},
{"learn":[0.1826058048],"iteration":282,"passed_time":0.9715764702,"remaining_time":2.461555933},
{"learn":[0.1821879232],"iteration":283,"passed_time":0.974487294,"remaining_time":2.456805995},
{"learn":[0.1814877975],"iteration":284,"passed_time":0.9776464259,"remaining_time":2.45269191},
{"learn":[0.181072593],"iteration":285,"passed_time":0.9815911305,"remaining_time":2.450545689},
{"learn":[0.1806803674],"iteration":286,"passed_time":0.9854252736,"remaining_time":2.448112265},
{"learn":[0.180211675],"iteration":287,"passed_time":0.9885393324,"remaining_time":2.443888905},
{"learn":[0.1797551443],"iteration":288,"passed_time":0.9916628927,"remaining_time":2.439696598},
{"learn":[0.1792789531],"iteration":289,"passed_time":0.9946421313,"remaining_time":2.435158322},
{"learn":[0.1789476289],"iteration":290,"passed_time":0.997684082,"remaining_time":2.430783554},
{"learn":[0.1785722746],"iteration":291,"passed_time":1.000634601,"remaining_time":2.426196224},
{"learn":[0.1780569464],"iteration":292,"passed_time":1.003803738,"remaining_time":2.422147586},
{"learn":[0.1777413352],"iteration":293,"passed_time":1.007014455,"remaining_time":2.41820478},
{"learn":[0.1773337776],"iteration":294,"passed_time":1.010136769,"remaining_time":2.414055668},
{"learn":[0.1770713089],"iteration":295,"passed_time":1.013150554,"remaining_time":2.409655371},
{"learn":[0.1766271953],"iteration":296,"passed_time":1.016272474,"remaining_time":2.405520367},
{"learn":[0.1761523962],"iteration":297,"passed_time":1.019340858,"remaining_time":2.401266047},
{"learn":[0.1758289623],"iteration":298,"passed_time":1.022473493,"remaining_time":2.397170296},
{"learn":[0.1752826806],"iteration":299,"passed_time":1.025547085,"remaining_time":2.392943199},
{"learn":[0.1749223907],"iteration":300,"passed_time":1.028941657,"remaining_time":2.389469163},
{"learn":[0.1744382825],"iteration":301,"passed_time":1.032145123,"remaining_time":2.38555396},
{"learn":[0.1739243357],"iteration":302,"passed_time":1.035314508,"remaining_time":2.381565057},
{"learn":[0.1735780584],"iteration":303,"passed_time":1.038652288,"remaining_time":2.377967079},
{"learn":[0.1731870255],"iteration":304,"passed_time":1.04161542,"remaining_time":2.373517104},
{"learn":[0.1728095554],"iteration":305,"passed_time":1.044926786,"remaining_time":2.369866631},
{"learn":[0.1724982847],"iteration":306,"passed_time":1.04903568,"remaining_time":2.368018653},
{"learn":[0.1721469738],"iteration":307,"passed_time":1.054155819,"remaining_time":2.368428009},
{"learn":[0.1718035224],"iteration":308,"passed_time":1.057332706,"remaining_time":2.364455986},
{"learn":[0.1713664476],"iteration":309,"passed_time":1.060426119,"remaining_time":2.360303297},
{"learn":[0.1710424622],"iteration":310,"passed_time":1.063542064,"remaining_time":2.356207337},
{"learn":[0.1706389056],"iteration":311,"passed_time":1.066662261,"remaining_time":2.352127038},
{"learn":[0.1702834914],"iteration":312,"passed_time":1.069643704,"remaining_time":2.347748322},
{"learn":[0.1697764523],"iteration":313,"passed_time":1.072615598,"remaining_time":2.343357643},
{"learn":[0.1692469928],"iteration":314,"passed_time":1.075811952,"remaining_time":2.339464086},
{"learn":[0.1687677607],"iteration":315,"passed_time":1.079101565,"remaining_time":2.335776806},
{"learn":[0.1683060898],"iteration":316,"passed_time":1.082073682,"remaining_time":2.331407964},
{"learn":[0.1678969062],"iteration":317,"passed_time":1.085052233,"remaining_time":2.327061707},
{"learn":[0.1676161441],"iteration":318,"passed_time":1.087978074,"remaining_time":2.3226115},
{"learn":[0.167191821],"iteration":319,"passed_time":1.091142642,"remaining_time":2.318678113},
{"learn":[0.1668721803],"iteration":320,"passed_time":1.094209916,"remaining_time":2.314543716},
{"learn":[0.1664556536],"iteration":321,"passed_time":1.097248136,"remaining_time":2.310354771},
{"learn":[0.1659689863],"iteration":322,"passed_time":1.100145518,"remaining_time":2.305877758},
{"learn":[0.1656083764],"iteration":323,"passed_time":1.103002131,"remaining_time":2.301325434},
{"learn":[0.1652241548],"iteration":324,"passed_time":1.105904028,"remaining_time":2.296877597},
{"learn":[0.1647608781],"iteration":325,"passed_time":1.10898407,"remaining_time":2.292807557},
{"learn":[0.1642688853],"iteration":326,"passed_time":1.112046629,"remaining_time":2.288707588},
{"learn":[0.1637302607],"iteration":327,"passed_time":1.115066844,"remaining_time":2.284527193},
{"learn":[0.1630741924],"iteration":328,"passed_time":1.118204116,"remaining_time":2.28059259},
{"learn":[0.1629014838],"iteration":329,"passed_time":1.121386508,"remaining_time":2.276754425},
{"learn":[0.1624995673],"iteration":330,"passed_time":1.124397381,"remaining_time":2.272573558},
{"learn":[0.1619436022],"iteration":331,"passed_time":1.127292672,"remaining_time":2.268167184},
{"learn":[0.1613904801],"iteration":332,"passed_time":1.130254399,"remaining_time":2.263902956},
{"learn":[0.1611163146],"iteration":333,"passed_time":1.133115975,"remaining_time":2.259446824},
{"learn":[0.1605655286],"iteration":334,"passed_time":1.136435664,"remaining_time":2.255909601},
{"learn":[0.1602019124],"iteration":335,"passed_time":1.139412416,"remaining_time":2.251695965},
{"learn":[0.1599791134],"iteration":336,"passed_time":1.142521567,"remaining_time":2.247750146},
{"learn":[0.1596686338],"iteration":337,"passed_time":1.145583416,"remaining_time":2.243716632},
{"learn":[0.1592673458],"iteration":338,"passed_time":1.148634133,"remaining_time":2.239667145},
{"learn":[0.1588184431],"iteration":339,"passed_time":1.151684766,"remaining_time":2.23562337},
{"learn":[0.1585364738],"iteration":340,"passed_time":1.154948835,"remaining_time":2.231997895},
{"learn":[0.158047658],"iteration":341,"passed_time":1.158161285,"remaining_time":2.22827522},
{"learn":[0.1579184665],"iteration":342,"passed_time":1.161142373,"remaining_time":2.224112359},
{"learn":[0.1576264607],"iteration":343,"passed_time":1.164160051,"remaining_time":2.220026144},
{"learn":[0.1571289536],"iteration":344,"passed_time":1.167537058,"remaining_time":2.216628328},
{"learn":[0.1568304727],"iteration":345,"passed_time":1.170530128,"remaining_time":2.212504924},
{"learn":[0.1563318492],"iteration":346,"passed_time":1.173644906,"remaining_time":2.208617071},
{"learn":[0.1557570465],"iteration":347,"passed_time":1.180179068,"remaining_time":2.211140093},
{"learn":[0.1554206113],"iteration":348,"passed_time":1.184103671,"remaining_time":2.208743524},
{"learn":[0.1550550805],"iteration":349,"passed_time":1.189024189,"remaining_time":2.208187779},
{"learn":[0.1544257539],"iteration":350,"passed_time":1.193299694,"remaining_time":2.206414535},
{"learn":[0.1540852992],"iteration":351,"passed_time":1.196395338,"remaining_time":2.202455055},
{"learn":[0.1538229643],"iteration":352,"passed_time":1.199655309,"remaining_time":2.198801658},
{"learn":[0.1535200119],"iteration":353,"passed_time":1.203121257,"remaining_time":2.195526362},
{"learn":[0.1531285626],"iteration":354,"passed_time":1.206392807,"remaining_time":2.191896791},
{"learn":[0.1528026319],"iteration":355,"passed_time":1.209491563,"remaining_time":2.187956647},
{"learn":[0.1525869002],"iteration":356,"passed_time":1.212724509,"remaining_time":2.184262911},
{"learn":[0.1521967052],"iteration":357,"passed_time":1.215835892,"remaining_time":2.180353751},
{"learn":[0.1518555553],"iteration":358,"passed_time":1.218982519,"remaining_time":2.176511963},
{"learn":[0.1516668849],"iteration":359,"passed_time":1.222001624,"remaining_time":2.172447332},
{"learn":[0.151278238],"iteration":360,"passed_time":1.225160467,"remaining_time":2.168635841},
{"learn":[0.1511744204],"iteration":361,"passed_time":1.228247588,"remaining_time":2.16470155},
{"learn":[0.1509318398],"iteration":362,"passed_time":1.23127714,"remaining_time":2.160670905},
{"learn":[0.150654831],"iteration":363,"passed_time":1.234425626,"remaining_time":2.156853566},
{"learn":[0.1502350469],"iteration":364,"passed_time":1.237530213,"remaining_time":2.152963521},
{"learn":[0.1497969741],"iteration":365,"passed_time":1.240695203,"remaining_time":2.1491824},
{"learn":[0.1495418892],"iteration":366,"passed_time":1.24408659,"remaining_time":2.145795127},
{"learn":[0.1491994366],"iteration":367,"passed_time":1.247159073,"remaining_time":2.141860147},
{"learn":[0.148903534],"iteration":368,"passed_time":1.250367013,"remaining_time":2.138161477},
{"learn":[0.1487094698],"iteration":369,"passed_time":1.253358193,"remaining_time":2.134096382},
{"learn":[0.1484528991],"iteration":370,"passed_time":1.2563851,"remaining_time":2.13009765},
{"learn":[0.1479592174],"iteration":371,"passed_time":1.259538131,"remaining_time":2.12631706},
{"learn":[0.1476381197],"iteration":372,"passed_time":1.262551377,"remaining_time":2.122304862},
{"learn":[0.1472785383],"iteration":373,"passed_time":1.265805388,"remaining_time":2.118700997},
{"learn":[0.1469230843],"iteration":374,"passed_time":1.269074319,"remaining_time":2.115123865},
{"learn":[0.1465081335],"iteration":375,"passed_time":1.272312535,"remaining_time":2.111497399},
{"learn":[0.1460553113],"iteration":376,"passed_time":1.275576235,"remaining_time":2.107915104},
{"learn":[0.1456754609],"iteration":377,"passed_time":1.278602245,"remaining_time":2.103943377},
{"learn":[0.1453967854],"iteration":378,"passed_time":1.281671844,"remaining_time":2.100048061},
{"learn":[0.1451341542],"iteration":379,"passed_time":1.284731004,"remaining_time":2.09614006},
{"learn":[0.1447374483],"iteration":380,"passed_time":1.287787877,"remaining_time":2.092232798},
{"learn":[0.1444735264],"iteration":381,"passed_time":1.290942269,"remaining_time":2.088487755},
{"learn":[0.144045325],"iteration":382,"passed_time":1.293884581,"remaining_time":2.084404142},
{"learn":[0.1438294707],"iteration":383,"passed_time":1.297089025,"remaining_time":2.080746977},
{"learn":[0.1435730154],"iteration":384,"passed_time":1.300167821,"remaining_time":2.076891455},
{"learn":[0.1433651902],"iteration":385,"passed_time":1.303281812,"remaining_time":2.073095939},
{"learn":[0.1431139254],"iteration":386,"passed_time":1.306413815,"remaining_time":2.069332476},
{"learn":[0.142758042],"iteration":387,"passed_time":1.309806109,"remaining_time":2.065982831},
{"learn":[0.1426132706],"iteration":388,"passed_time":1.31297844,"remaining_time":2.062287473},
{"learn":[0.142171887],"iteration":389,"passed_time":1.316194212,"remaining_time":2.058662742},
{"learn":[0.1417711851],"iteration":390,"passed_time":1.319417341,"remaining_time":2.055051562},
{"learn":[0.1414287176],"iteration":391,"passed_time":1.322412971,"remaining_time":2.051089506},
{"learn":[0.1412297238],"iteration":392,"passed_time":1.325639297,"remaining_time":2.047488685},
{"learn":[0.1409172534],"iteration":393,"passed_time":1.328846415,"remaining_time":2.043860222},
{"learn":[0.1406565997],"iteration":394,"passed_time":1.332130807,"remaining_time":2.040352249},
{"learn":[0.1402772834],"iteration":395,"passed_time":1.33523274,"remaining_time":2.036567109},
{"learn":[0.1400121128],"iteration":396,"passed_time":1.338334882,"remaining_time":2.032785727},
{"learn":[0.139785737],"iteration":397,"passed_time":1.341284749,"remaining_time":2.028777434},
{"learn":[0.1394123989],"iteration":398,"passed_time":1.344308879,"remaining_time":2.024886306},
{"learn":[0.1392146256],"iteration":399,"passed_time":1.347214444,"remaining_time":2.020821667},
{"learn":[0.1389044262],"iteration":400,"passed_time":1.350121402,"remaining_time":2.016764887},
{"learn":[0.138595324],"iteration":401,"passed_time":1.353109956,"remaining_time":2.012835208},
{"learn":[0.1383918345],"iteration":402,"passed_time":1.356187863,"remaining_time":2.009042567},
{"learn":[0.1380550676],"iteration":403,"passed_time":1.359300734,"remaining_time":2.005305044},
{"learn":[0.1379949815],"iteration":404,"passed_time":1.362426271,"remaining_time":2.001589212},
{"learn":[0.1375326647],"iteration":405,"passed_time":1.365549428,"remaining_time":1.997872809},
{"learn":[0.1374008703],"iteration":406,"passed_time":1.368800355,"remaining_time":1.994345481},
{"learn":[0.1372076187],"iteration":407,"passed_time":1.371768547,"remaining_time":1.990409264},
{"learn":[0.1369063223],"iteration":408,"passed_time":1.375735861,"remaining_time":1.987921501},
{"learn":[0.136615784],"iteration":409,"passed_time":1.381658189,"remaining_time":1.988239834},
{"learn":[0.1363641107],"iteration":410,"passed_time":1.385538539,"remaining_time":1.985601458},
{"learn":[0.1359657215],"iteration":411,"passed_time":1.389175196,"remaining_time":1.98260926},
{"learn":[0.1356522168],"iteration":412,"passed_time":1.392368837,"remaining_time":1.978984279},
{"learn":[0.135419074],"iteration":413,"passed_time":1.395821372,"remaining_time":1.975727836},
{"learn":[0.1350535389],"iteration":414,"passed_time":1.398778554,"remaining_time":1.971772179},
{"learn":[0.1346486587],"iteration":415,"passed_time":1.401850166,"remaining_time":1.967981964},
{"learn":[0.134368856],"iteration":416,"passed_time":1.404943341,"remaining_time":1.964225343},
{"learn":[0.1342386829],"iteration":417,"passed_time":1.407919039,"remaining_time":1.960308328},
{"learn":[0.133914884],"iteration":418,"passed_time":1.410808088,"remaining_time":1.956275655},
{"learn":[0.1336794421],"iteration":419,"passed_time":1.414124823,"remaining_time":1.952839042},
{"learn":[0.1333719455],"iteration":420,"passed_time":1.4171198,"remaining_time":1.948960485},
{"learn":[0.1331253955],"iteration":421,"passed_time":1.420335548,"remaining_time":1.9453885},
{"learn":[0.1328300467],"iteration":422,"passed_time":1.423569919,"remaining_time":1.941843602},
{"learn":[0.1324697559],"iteration":423,"passed_time":1.426488615,"remaining_time":1.937871327},
{"learn":[0.1322546726],"iteration":424,"passed_time":1.429736263,"remaining_time":1.934349061},
{"learn":[0.1320545077],"iteration":425,"passed_time":1.43273757,"remaining_time":1.930496163},
{"learn":[0.1317837231],"iteration":426,"passed_time":1.435766802,"remaining_time":1.926684725},
{"learn":[0.131589969],"iteration":427,"passed_time":1.438750595,"remaining_time":1.922816216},
{"learn":[0.1312893935],"iteration":428,"passed_time":1.441894202,"remaining_time":1.919164544},
{"learn":[0.1309871427],"iteration":429,"passed_time":1.444920551,"remaining_time":1.915359801},
{"learn":[0.130752581],"iteration":430,"passed_time":1.447866021,"remaining_time":1.911451893},
{"learn":[0.1305799095],"iteration":431,"passed_time":1.450939681,"remaining_time":1.907716987},
{"learn":[0.1304980447],"iteration":432,"passed_time":1.453990331,"remaining_time":1.903955007},
{"learn":[0.1302499952],"iteration":433,"passed_time":1.457199182,"remaining_time":1.90040262},
{"learn":[0.1299927749],"iteration":434,"passed_time":1.46022825,"remaining_time":1.896618301},
{"learn":[0.1297418936],"iteration":435,"passed_time":1.463251267,"remaining_time":1.892829621},
{"learn":[0.129670171],"iteration":436,"passed_time":1.464422562,"remaining_time":1.886658816},
{"learn":[0.1295130797],"iteration":437,"passed_time":1.467416828,"remaining_time":1.882849902},
{"learn":[0.129125403],"iteration":438,"passed_time":1.470597771,"remaining_time":1.879283257},
{"learn":[0.1287818809],"iteration":439,"passed_time":1.47350601,"remaining_time":1.875371285},
{"learn":[0.1284651681],"iteration":440,"passed_time":1.476649599,"remaining_time":1.87176219},
{"learn":[0.1281099434],"iteration":441,"passed_time":1.479483676,"remaining_time":1.867764459},
{"learn":[0.1278943614],"iteration":442,"passed_time":1.482500411,"remaining_time":1.864001645},
{"learn":[0.1277137305],"iteration":443,"passed_time":1.485643185,"remaining_time":1.860400024},
{"learn":[0.1273438859],"iteration":444,"passed_time":1.488951934,"remaining_time":1.857007468},
{"learn":[0.1271652888],"iteration":445,"passed_time":1.491941458,"remaining_time":1.853218761},
{"learn":[0.1269843676],"iteration":446,"passed_time":1.494864724,"remaining_time":1.84935166},
{"learn":[0.1269249016],"iteration":447,"passed_time":1.49769234,"remaining_time":1.845370919},
{"learn":[0.1266753589],"iteration":448,"passed_time":1.501206996,"remaining_time":1.84223843},
{"learn":[0.1264408902],"iteration":449,"passed_time":1.504347691,"remaining_time":1.838647178},
{"learn":[0.1262595222],"iteration":450,"passed_time":1.507683296,"remaining_time":1.835295187},
{"learn":[0.1260830319],"iteration":451,"passed_time":1.510961504,"remaining_time":1.831873682},
{"learn":[0.1259843052],"iteration":452,"passed_time":1.514213875,"remaining_time":1.828421611},
{"learn":[0.1258589664],"iteration":453,"passed_time":1.517449092,"remaining_time":1.824949789},
{"learn":[0.125673482],"iteration":454,"passed_time":1.520708493,"remaining_time":1.821507975},
{"learn":[0.1253920723],"iteration":455,"passed_time":1.523939852,"remaining_time":1.818033508},
{"learn":[0.1251114198],"iteration":456,"passed_time":1.527170402,"remaining_time":1.814559143},
{"learn":[0.1248695193],"iteration":457,"passed_time":1.530363258,"remaining_time":1.811041235},
{"learn":[0.1245692802],"iteration":458,"passed_time":1.533532942,"remaining_time":1.807497433},
{"learn":[0.1243621163],"iteration":459,"passed_time":1.536525595,"remaining_time":1.803747437},
{"learn":[0.1241280209],"iteration":460,"passed_time":1.53965872,"remaining_time":1.800164967},
{"learn":[0.123967743],"iteration":461,"passed_time":1.54287288,"remaining_time":1.796678809},
{"learn":[0.1236865608],"iteration":462,"passed_time":1.546097159,"remaining_time":1.79320556},
{"learn":[0.1233953055],"iteration":463,"passed_time":1.549131817,"remaining_time":1.789514341},
{"learn":[0.1230468388],"iteration":464,"passed_time":1.552390149,"remaining_time":1.786083289},
{"learn":[0.1228364691],"iteration":465,"passed_time":1.555542624,"remaining_time":1.782531676},
{"learn":[0.1225982117],"iteration":466,"passed_time":1.558811025,"remaining_time":1.779114082},
{"learn":[0.1223522348],"iteration":467,"passed_time":1.562065617,"remaining_time":1.775681428},
{"learn":[0.1222358571],"iteration":468,"passed_time":1.565198086,"remaining_time":1.772111266},
{"learn":[0.122059746],"iteration":469,"passed_time":1.568305945,"remaining_time":1.768515215},
{"learn":[0.1216043604],"iteration":470,"passed_time":1.574059438,"remaining_time":1.767892659},
{"learn":[0.1213830509],"iteration":471,"passed_time":1.577336937,"remaining_time":1.764478607},
{"learn":[0.1211538284],"iteration":472,"passed_time":1.580432173,"remaining_time":1.760862061},
{"learn":[0.1208291755],"iteration":473,"passed_time":1.58334356,"remaining_time":1.757043698},
{"learn":[0.1206800742],"iteration":474,"passed_time":1.586366272,"remaining_time":1.753352196},
{"learn":[0.1203750578],"iteration":475,"passed_time":1.589534422,"remaining_time":1.749823607},
{"learn":[0.1202311408],"iteration":476,"passed_time":1.592743399,"remaining_time":1.746341295},
{"learn":[0.1198603036],"iteration":477,"passed_time":1.596027361,"remaining_time":1.742942013},
{"learn":[0.1195999135],"iteration":478,"passed_time":1.599248907,"remaining_time":1.739475324},
{"learn":[0.1193122208],"iteration":479,"passed_time":1.602800527,"remaining_time":1.736367238},
{"learn":[0.1192291292],"iteration":480,"passed_time":1.605904054,"remaining_time":1.732773813},
{"learn":[0.1189935997],"iteration":481,"passed_time":1.608932872,"remaining_time":1.729102132},
{"learn":[0.1187257393],"iteration":482,"passed_time":1.61228372,"remaining_time":1.725777812},
{"learn":[0.118553254],"iteration":483,"passed_time":1.615550081,"remaining_time":1.72236331},
{"learn":[0.1183017269],"iteration":484,"passed_time":1.618585436,"remaining_time":1.718704123},
{"learn":[0.1181226043],"iteration":485,"passed_time":1.621700597,"remaining_time":1.715131907},
{"learn":[0.1179718211],"iteration":486,"passed_time":1.624996676,"remaining_time":1.711752146},
{"learn":[0.1178168687],"iteration":487,"passed_time":1.628356006,"remaining_time":1.708439088},
{"learn":[0.1177620898],"iteration":488,"passed_time":1.63159461,"remaining_time":1.704999684},
{"learn":[0.1174736044],"iteration":489,"passed_time":1.634838428,"remaining_time":1.701566527},
{"learn":[0.1173084687],"iteration":490,"passed_time":1.637940007,"remaining_time":1.697986687},
{"learn":[0.1171827683],"iteration":491,"passed_time":1.641053799,"remaining_time":1.694421403},
{"learn":[0.1170139154],"iteration":492,"passed_time":1.644204274,"remaining_time":1.690895673},
{"learn":[0.1168864193],"iteration":493,"passed_time":1.647199288,"remaining_time":1.687212226},
{"learn":[0.1167403444],"iteration":494,"passed_time":1.650469735,"remaining_time":1.683812558},
{"learn":[0.1164340242],"iteration":495,"passed_time":1.653394063,"remaining_time":1.680061709},
{"learn":[0.1162440201],"iteration":496,"passed_time":1.656315009,"remaining_time":1.676310763},
{"learn":[0.1160408018],"iteration":497,"passed_time":1.659634025,"remaining_time":1.672964419},
{"learn":[0.1158145153],"iteration":498,"passed_time":1.662824303,"remaining_time":1.669488929},
{"learn":[0.1155752867],"iteration":499,"passed_time":1.666278079,"remaining_time":1.666278079},
{"learn":[0.1153179792],"iteration":500,"passed_time":1.669529814,"remaining_time":1.662865024},
{"learn":[0.1150419347],"iteration":501,"passed_time":1.672532104,"remaining_time":1.659205155},
{"learn":[0.1147983794],"iteration":502,"passed_time":1.675857386,"remaining_time":1.65586704},
{"learn":[0.1146924336],"iteration":503,"passed_time":1.67901017,"remaining_time":1.652359215},
{"learn":[0.1144904655],"iteration":504,"passed_time":1.682384535,"remaining_time":1.64906999},
{"learn":[0.1142792411],"iteration":505,"passed_time":1.68577698,"remaining_time":1.64579808},
{"learn":[0.114010151],"iteration":506,"passed_time":1.688752859,"remaining_time":1.642120631},
{"learn":[0.1137638311],"iteration":507,"passed_time":1.692188669,"remaining_time":1.638891388},
{"learn":[0.1134109664],"iteration":508,"passed_time":1.695533411,"remaining_time":1.635573486},
{"learn":[0.1132425991],"iteration":509,"passed_time":1.698700312,"remaining_time":1.632084613},
{"learn":[0.1129702691],"iteration":510,"passed_time":1.701644177,"remaining_time":1.628383567},
{"learn":[0.1128093522],"iteration":511,"passed_time":1.705005142,"remaining_time":1.625083026},
{"learn":[0.1127829356],"iteration":512,"passed_time":1.708122818,"remaining_time":1.621551291},
{"learn":[0.1126912021],"iteration":513,"passed_time":1.711253658,"remaining_time":1.618033614},
{"learn":[0.1125083808],"iteration":514,"passed_time":1.714409186,"remaining_time":1.61454069},
{"learn":[0.1124148458],"iteration":515,"passed_time":1.717477531,"remaining_time":1.610967296},
{"learn":[0.1121795834],"iteration":516,"passed_time":1.720537288,"remaining_time":1.607387834},
{"learn":[0.1119718701],"iteration":517,"passed_time":1.723655512,"remaining_time":1.603864781},
{"learn":[0.1118901357],"iteration":518,"passed_time":1.72659376,"remaining_time":1.60017649},
{"learn":[0.1116257187],"iteration":519,"passed_time":1.729634067,"remaining_time":1.596585292},
{"learn":[0.1114541307],"iteration":520,"passed_time":1.732932511,"remaining_time":1.593233537},
{"learn":[0.1112778432],"iteration":521,"passed_time":1.735998977,"remaining_time":1.589669561},
{"learn":[0.1111559112],"iteration":522,"passed_time":1.739162858,"remaining_time":1.586196335},
{"learn":[0.1109157052],"iteration":523,"passed_time":1.742171148,"remaining_time":1.582582951},
{"learn":[0.1108565875],"iteration":524,"passed_time":1.745143456,"remaining_time":1.578939318},
{"learn":[0.1107729479],"iteration":525,"passed_time":1.74807771,"remaining_time":1.575263944},
{"learn":[0.1105888316],"iteration":526,"passed_time":1.751202108,"remaining_time":1.571762044},
{"learn":[0.1103408851],"iteration":527,"passed_time":1.754252412,"remaining_time":1.568195338},
{"learn":[0.1102606708],"iteration":528,"passed_time":1.757470321,"remaining_time":1.564779813},
{"learn":[0.1101168864],"iteration":529,"passed_time":1.760649893,"remaining_time":1.561331037},
{"learn":[0.1099808646],"iteration":530,"passed_time":1.763795195,"remaining_time":1.557853006},
{"learn":[0.1098343549],"iteration":531,"passed_time":1.766747038,"remaining_time":1.554206041},
{"learn":[0.1096655263],"iteration":532,"passed_time":1.773495763,"remaining_time":1.553888408},
{"learn":[0.109460801],"iteration":533,"passed_time":1.776977716,"remaining_time":1.550695909},
{"learn":[0.1091705446],"iteration":534,"passed_time":1.780029881,"remaining_time":1.547128775},
{"learn":[0.109055203],"iteration":535,"passed_time":1.783301572,"remaining_time":1.5437536},
{"learn":[0.1089145972],"iteration":536,"passed_time":1.786318527,"remaining_time":1.540159177},
{"learn":[0.1088676344],"iteration":537,"passed_time":1.789183791,"remaining_time":1.536436639},
{"learn":[0.1086560016],"iteration":538,"passed_time":1.792051844,"remaining_time":1.532719666},
{"learn":[0.1085092629],"iteration":539,"passed_time":1.795204507,"remaining_time":1.529248284},
{"learn":[0.1082773378],"iteration":540,"passed_time":1.79841864,"remaining_time":1.525830232},
{"learn":[0.1081918863],"iteration":541,"passed_time":1.801428752,"remaining_time":1.522240532},
{"learn":[0.1081033746],"iteration":542,"passed_time":1.803453483,"remaining_time":1.517823649},
{"learn":[0.1078761669],"iteration":543,"passed_time":1.806464098,"remaining_time":1.514241965},
{"learn":[0.1077536076],"iteration":544,"passed_time":1.809665672,"remaining_time":1.510821799},
{"learn":[0.1076945718],"iteration":545,"passed_time":1.812567157,"remaining_time":1.507152911},
{"learn":[0.1074355002],"iteration":546,"passed_time":1.815832235,"remaining_time":1.503787939},
{"learn":[0.1072406914],"iteration":547,"passed_time":1.818933925,"remaining_time":1.500288566},
{"learn":[0.1070492251],"iteration":548,"passed_time":1.821896,"remaining_time":1.496675949},
{"learn":[0.1068722302],"iteration":549,"passed_time":1.825011151,"remaining_time":1.493190942},
{"learn":[0.1066833744],"iteration":550,"passed_time":1.828205343,"remaining_time":1.489771686},
{"learn":[0.1065111741],"iteration":551,"passed_time":1.831169229,"remaining_time":1.486166331},
{"learn":[0.1063310576],"iteration":552,"passed_time":1.834113653,"remaining_time":1.482547564},
{"learn":[0.1060982805],"iteration":553,"passed_time":1.837156942,"remaining_time":1.479010823},
{"learn":[0.1059504305],"iteration":554,"passed_time":1.840182973,"remaining_time":1.475462023},
{"learn":[0.1057639591],"iteration":555,"passed_time":1.843321423,"remaining_time":1.472004878},
{"learn":[0.1055804847],"iteration":556,"passed_time":1.846275726,"remaining_time":1.468402418},
{"learn":[0.1054063557],"iteration":557,"passed_time":1.849546356,"remaining_time":1.465052848},
{"learn":[0.1052310519],"iteration":558,"passed_time":1.852597293,"remaining_time":1.461530243},
{"learn":[0.1051498805],"iteration":559,"passed_time":1.855947158,"remaining_time":1.458244195},
{"learn":[0.1050042143],"iteration":560,"passed_time":1.859213051,"remaining_time":1.45489221},
{"learn":[0.1047318517],"iteration":561,"passed_time":1.862169203,"remaining_time":1.45129913},
{"learn":[0.1045613568],"iteration":562,"passed_time":1.865312109,"remaining_time":1.447853271},
{"learn":[0.104349918],"iteration":563,"passed_time":1.868501193,"remaining_time":1.444444184},
{"learn":[0.1042009257],"iteration":564,"passed_time":1.871667652,"remaining_time":1.441018458},
{"learn":[0.1039287919],"iteration":565,"passed_time":1.874670647,"remaining_time":1.437468306},
{"learn":[0.1037184529],"iteration":566,"passed_time":1.878158972,"remaining_time":1.434290714},
{"learn":[0.1035579816],"iteration":567,"passed_time":1.881237511,"remaining_time":1.43080036},
{"learn":[0.103522035],"iteration":568,"passed_time":1.884381864,"remaining_time":1.427361307},
{"learn":[0.1033521784],"iteration":569,"passed_time":1.887683443,"remaining_time":1.424041896},
{"learn":[0.1031418302],"iteration":570,"passed_time":1.890667521,"remaining_time":1.420484004},
{"learn":[0.1029737838],"iteration":571,"passed_time":1.893810937,"remaining_time":1.417047344},
{"learn":[0.1028331777],"iteration":572,"passed_time":1.896875237,"remaining_time":1.413552751},
{"learn":[0.1026272077],"iteration":573,"passed_time":1.900031306,"remaining_time":1.410127764},
{"learn":[0.1024834492],"iteration":574,"passed_time":1.903020234,"remaining_time":1.406580173},
{"learn":[0.1022377723],"iteration":575,"passed_time":1.906125888,"remaining_time":1.403120445},
{"learn":[0.1020435587],"iteration":576,"passed_time":1.909129492,"remaining_time":1.399587132},
{"learn":[0.1018426575],"iteration":577,"passed_time":1.912109611,"remaining_time":1.396038505},
{"learn":[0.1017639281],"iteration":578,"passed_time":1.915530346,"remaining_time":1.392812221},
{"learn":[0.101491126],"iteration":579,"passed_time":1.918574774,"remaining_time":1.389312768},
{"learn":[0.1012853292],"iteration":580,"passed_time":1.922237737,"remaining_time":1.38626095},
{"learn":[0.1010483937],"iteration":581,"passed_time":1.925276433,"remaining_time":1.382758675},
{"learn":[0.1008035006],"iteration":582,"passed_time":1.928237702,"remaining_time":1.37920261},
{"learn":[0.1006563336],"iteration":583,"passed_time":1.931367024,"remaining_time":1.375768291},
{"learn":[0.1004895222],"iteration":584,"passed_time":1.934407407,"remaining_time":1.372271921},
{"learn":[0.1002833775],"iteration":585,"passed_time":1.937388922,"remaining_time":1.368735518},
{"learn":[0.1002066257],"iteration":586,"passed_time":1.940728412,"remaining_time":1.365452869},
{"learn":[0.1000833203],"iteration":587,"passed_time":1.943912319,"remaining_time":1.362061013},
{"learn":[0.09984870632],"iteration":588,"passed_time":1.947227989,"remaining_time":1.358761805},
{"learn":[0.09977885278],"iteration":589,"passed_time":1.950340414,"remaining_time":1.355321305},
{"learn":[0.09965045287],"iteration":590,"passed_time":1.953752477,"remaining_time":1.352089278},
{"learn":[0.09948273384],"iteration":591,"passed_time":1.956917376,"remaining_time":1.3486863},
{"learn":[0.09926782179],"iteration":592,"passed_time":1.96009702,"remaining_time":1.345294245},
{"learn":[0.0990785881],"iteration":593,"passed_time":1.963142129,"remaining_time":1.34181095},
{"learn":[0.098828883],"iteration":594,"passed_time":1.966195594,"remaining_time":1.338334816},
{"learn":[0.0986954522],"iteration":595,"passed_time":1.972323104,"remaining_time":1.336943849},
{"learn":[0.09852044706],"iteration":596,"passed_time":1.975595814,"remaining_time":1.333609905},
{"learn":[0.09832493146],"iteration":597,"passed_time":1.978785056,"remaining_time":1.330220055},
{"learn":[0.09825029877],"iteration":598,"passed_time":1.981862792,"remaining_time":1.326756226},
{"learn":[0.0980642895],"iteration":599,"passed_time":1.985330892,"remaining_time":1.323553928},
{"learn":[0.09790599684],"iteration":600,"passed_time":1.988737729,"remaining_time":1.320310073},
{"learn":[0.09771212992],"iteration":601,"passed_time":1.991835507,"remaining_time":1.316861349},
{"learn":[0.09752500593],"iteration":602,"passed_time":1.99510815,"remaining_time":1.313528915},
{"learn":[0.09734059196],"iteration":603,"passed_time":1.998384607,"remaining_time":1.310199179},
{"learn":[0.09713826779],"iteration":604,"passed_time":2.001494907,"remaining_time":1.306761138},
{"learn":[0.09698648224],"iteration":605,"passed_time":2.005067495,"remaining_time":1.303624741},
{"learn":[0.09684698648],"iteration":606,"passed_time":2.008168336,"remaining_time":1.300181476},
{"learn":[0.09660065814],"iteration":607,"passed_time":2.011269112,"remaining_time":1.296739296},
{"learn":[0.09639445408],"iteration":608,"passed_time":2.014291371,"remaining_time":1.293247826},
{"learn":[0.0962559479],"iteration":609,"passed_time":2.017632082,"remaining_time":1.289961495},
{"learn":[0.09614263369],"iteration":610,"passed_time":2.020617696,"remaining_time":1.286448909},
{"learn":[0.0959853504],"iteration":611,"passed_time":2.023772852,"remaining_time":1.283045534},
{"learn":[0.09577149208],"iteration":612,"passed_time":2.026943886,"remaining_time":1.279652992},
{"learn":[0.09560181069],"iteration":613,"passed_time":2.030138835,"remaining_time":1.276276206},
{"learn":[0.09543806235],"iteration":614,"passed_time":2.033387306,"remaining_time":1.272933517},
{"learn":[0.09527373697],"iteration":615,"passed_time":2.0362873,"remaining_time":1.269373901},
{"learn":[0.09504273888],"iteration":616,"passed_time":2.039480353,"remaining_time":1.265998339},
{"learn":[0.0948230478],"iteration":617,"passed_time":2.042632692,"remaining_time":1.262598201},
{"learn":[0.09455678313],"iteration":618,"passed_time":2.045683446,"remaining_time":1.259136338},
{"learn":[0.09438786184],"iteration":619,"passed_time":2.048782279,"remaining_time":1.255705268},
{"learn":[0.09418348059],"iteration":620,"passed_time":2.051995651,"remaining_time":1.252345172},
{"learn":[0.09396912899],"iteration":621,"passed_time":2.054869371,"remaining_time":1.248779135},
{"learn":[0.09382316622],"iteration":622,"passed_time":2.058085988,"remaining_time":1.245422821},
{"learn":[0.0936193656],"iteration":623,"passed_time":2.061472937,"remaining_time":1.24216959},
{"learn":[0.09353371172],"iteration":624,"passed_time":2.06454684,"remaining_time":1.238728104},
{"learn":[0.09332212607],"iteration":625,"passed_time":2.067691143,"remaining_time":1.235329852},
{"learn":[0.09322956654],"iteration":626,"passed_time":2.070760632,"remaining_time":1.231887904},
{"learn":[0.09299670851],"iteration":627,"passed_time":2.073795327,"remaining_time":1.228426531},
{"learn":[0.09279024624],"iteration":628,"passed_time":2.077122895,"remaining_time":1.225139259},
{"learn":[0.09266978649],"iteration":629,"passed_time":2.080080795,"remaining_time":1.221634752},
{"learn":[0.09250374464],"iteration":630,"passed_time":2.083488778,"remaining_time":1.218395181},
{"learn":[0.09243047095],"iteration":631,"passed_time":2.086903377,"remaining_time":1.215158928},
{"learn":[0.09227076095],"iteration":632,"passed_time":2.090190031,"remaining_time":1.211847933},
{"learn":[0.09204892966],"iteration":633,"passed_time":2.09331116,"remaining_time":1.208441458},
{"learn":[0.09186488098],"iteration":634,"passed_time":2.096580538,"remaining_time":1.205121096},
{"learn":[0.09173523963],"iteration":635,"passed_time":2.099817654,"remaining_time":1.201782431},
{"learn":[0.09153576111],"iteration":636,"passed_time":2.102981751,"remaining_time":1.198402474},
{"learn":[0.09141719615],"iteration":637,"passed_time":2.10596591,"remaining_time":1.194921096},
{"learn":[0.09131544231],"iteration":638,"passed_time":2.109066852,"remaining_time":1.191507251},
{"learn":[0.09123903103],"iteration":639,"passed_time":2.112208292,"remaining_time":1.188117164},
{"learn":[0.09113706636],"iteration":640,"passed_time":2.115185223,"remaining_time":1.184635717},
{"learn":[0.09096761793],"iteration":641,"passed_time":2.118228772,"remaining_time":1.181192991},
{"learn":[0.0908596061],"iteration":642,"passed_time":2.121151736,"remaining_time":1.177684556},
{"learn":[0.09069391531],"iteration":643,"passed_time":2.124045366,"remaining_time":1.174161724},
{"learn":[0.09058208906],"iteration":644,"passed_time":2.127035633,"remaining_time":1.17069403},
{"learn":[0.09045183436],"iteration":645,"passed_time":2.130083669,"remaining_time":1.167259472},
{"learn":[0.09028404873],"iteration":646,"passed_time":2.133040018,"remaining_time":1.163776084},
{"learn":[0.09009154487],"iteration":647,"passed_time":2.13601343,"remaining_time":1.160303591},
{"learn":[0.0899698219],"iteration":648,"passed_time":2.139029687,"remaining_time":1.156855809},
{"learn":[0.08981683993],"iteration":649,"passed_time":2.142112515,"remaining_time":1.1534452},
{"learn":[0.08964928117],"iteration":650,"passed_time":2.145297552,"remaining_time":1.150090393},
{"learn":[0.08954849977],"iteration":651,"passed_time":2.148263619,"remaining_time":1.146619232},
{"learn":[0.0893567434],"iteration":652,"passed_time":2.151263591,"remaining_time":1.143167635},
{"learn":[0.08924674357],"iteration":653,"passed_time":2.154460256,"remaining_time":1.139821481},
{"learn":[0.08902361717],"iteration":654,"passed_time":2.157857382,"remaining_time":1.136581369},
{"learn":[0.08891032832],"iteration":655,"passed_time":2.16117616,"remaining_time":1.133299694},
{"learn":[0.08867193656],"iteration":656,"passed_time":2.164349531,"remaining_time":1.129941993},
{"learn":[0.08844352367],"iteration":657,"passed_time":2.169299835,"remaining_time":1.127508425},
{"learn":[0.088265073],"iteration":658,"passed_time":2.173263567,"remaining_time":1.124556717},
{"learn":[0.08814437687],"iteration":659,"passed_time":2.176900151,"remaining_time":1.121433411},
{"learn":[0.08804456178],"iteration":660,"passed_time":2.18012056,"remaining_time":1.118095113},
{"learn":[0.0879586788],"iteration":661,"passed_time":2.183466474,"remaining_time":1.114821251},
{"learn":[0.08778293597],"iteration":662,"passed_time":2.186717686,"remaining_time":1.111499035},
{"learn":[0.08761994191],"iteration":663,"passed_time":2.189924056,"remaining_time":1.108154342},
{"learn":[0.0874798434],"iteration":664,"passed_time":2.193288431,"remaining_time":1.104889661},
{"learn":[0.08733909122],"iteration":665,"passed_time":2.196445609,"remaining_time":1.101520771},
{"learn":[0.08721591674],"iteration":666,"passed_time":2.199685821,"remaining_time":1.098193971},
{"learn":[0.08703667178],"iteration":667,"passed_time":2.204923025,"remaining_time":1.095859947},
{"learn":[0.08691886541],"iteration":668,"passed_time":2.209073996,"remaining_time":1.09297981},
{"learn":[0.08687742598],"iteration":669,"passed_time":2.214300951,"remaining_time":1.090625841},
{"learn":[0.08676776241],"iteration":670,"passed_time":2.218233008,"remaining_time":1.087628405},
{"learn":[0.08663887907],"iteration":671,"passed_time":2.221774292,"remaining_time":1.084437452},
{"learn":[0.08653264729],"iteration":672,"passed_time":2.225038515,"remaining_time":1.081110839},
{"learn":[0.08641473085],"iteration":673,"passed_time":2.23023411,"remaining_time":1.078718575},
{"learn":[0.08622971715],"iteration":674,"passed_time":2.235069991,"remaining_time":1.07614481},
{"learn":[0.08618023348],"iteration":675,"passed_time":2.23841152,"remaining_time":1.072848125},
{"learn":[0.08610576429],"iteration":676,"passed_time":2.241439079,"remaining_time":1.06940151},
{"learn":[0.08591889005],"iteration":677,"passed_time":2.244765435,"remaining_time":1.066098038},
{"learn":[0.08587394926],"iteration":678,"passed_time":2.247846601,"remaining_time":1.062678585},
{"learn":[0.08569866136],"iteration":679,"passed_time":2.251240097,"remaining_time":1.059407105},
{"learn":[0.08561404757],"iteration":680,"passed_time":2.254581033,"remaining_time":1.056110645},
{"learn":[0.08547072436],"iteration":681,"passed_time":2.259700357,"remaining_time":1.053643275},
{"learn":[0.08533022414],"iteration":682,"passed_time":2.264786577,"remaining_time":1.051152774},
{"learn":[0.08526678544],"iteration":683,"passed_time":2.267859852,"remaining_time":1.047724727},
{"learn":[0.08519199271],"iteration":684,"passed_time":2.270857727,"remaining_time":1.044263042},
{"learn":[0.08505578216],"iteration":685,"passed_time":2.273998442,"remaining_time":1.040868091},
{"learn":[0.08495162887],"iteration":686,"passed_time":2.277301512,"remaining_time":1.03754785},
{"learn":[0.0847904909],"iteration":687,"passed_time":2.282149847,"remaining_time":1.034928419},
{"learn":[0.08457155165],"iteration":688,"passed_time":2.286939983,"remaining_time":1.032276248},
{"learn":[0.08451797828],"iteration":689,"passed_time":2.29010203,"remaining_time":1.028886419},
{"learn":[0.08427886682],"iteration":690,"passed_time":2.293325789,"remaining_time":1.025524846},
{"learn":[0.08419560669],"iteration":691,"passed_time":2.296597548,"remaining_time":1.022185036},
{"learn":[0.08414524869],"iteration":692,"passed_time":2.301863796,"remaining_time":1.019728983},
{"learn":[0.08407432399],"iteration":693,"passed_time":2.305533043,"remaining_time":1.016560679},
{"learn":[0.08390425966],"iteration":694,"passed_time":2.31050156,"remaining_time":1.013961116},
{"learn":[0.08385397365],"iteration":695,"passed_time":2.315295405,"remaining_time":1.011278453},
{"learn":[0.08367157689],"iteration":696,"passed_time":2.318941014,"remaining_time":1.00809057},
{"learn":[0.08360728164],"iteration":697,"passed_time":2.322271269,"remaining_time":1.004764933},
{"learn":[0.08343472947],"iteration":698,"passed_time":2.325687904,"remaining_time":1.001476479},
{"learn":[0.08331701774],"iteration":699,"passed_time":2.328929481,"remaining_time":0.9981126348},
{"learn":[0.08313100299],"iteration":700,"passed_time":2.332059626,"remaining_time":0.9947016093},
{"learn":[0.08297101166],"iteration":701,"passed_time":2.33503708,"remaining_time":0.9912265667},
{"learn":[0.08283551872],"iteration":702,"passed_time":2.338326938,"remaining_time":0.9878849227},
{"learn":[0.08267713594],"iteration":703,"passed_time":2.341461038,"remaining_time":0.9844779363},
{"learn":[0.08256500863],"iteration":704,"passed_time":2.344367364,"remaining_time":0.9809764148},
{"learn":[0.08250222867],"iteration":705,"passed_time":2.347214937,"remaining_time":0.9774521125},
{"learn":[0.08237739073],"iteration":706,"passed_time":2.350268866,"remaining_time":0.9740152444},
{"learn":[0.08224930302],"iteration":707,"passed_time":2.353182408,"remaining_time":0.970521558},
{"learn":[0.08212118452],"iteration":708,"passed_time":2.356143682,"remaining_time":0.9670490994},
{"learn":[0.08199823197],"iteration":709,"passed_time":2.359844691,"remaining_time":0.9638802259},
{"learn":[0.08186857413],"iteration":710,"passed_time":2.364649241,"remaining_time":0.9611584118},
{"learn":[0.08172575337],"iteration":711,"passed_time":2.369256272,"remaining_time":0.9583508517},
{"learn":[0.08169403243],"iteration":712,"passed_time":2.372555631,"remaining_time":0.9550118738},
{"learn":[0.08149543742],"iteration":713,"passed_time":2.375941347,"remaining_time":0.9517075982},
{"learn":[0.08130724844],"iteration":714,"passed_time":2.379008271,"remaining_time":0.9482760242},
{"learn":[0.08108075036],"iteration":715,"passed_time":2.382157844,"remaining_time":0.9448782509},
{"learn":[0.08098921208],"iteration":716,"passed_time":2.385057588,"remaining_time":0.9413825628},
{"learn":[0.08082003876],"iteration":717,"passed_time":2.388018914,"remaining_time":0.9379127209},
{"learn":[0.08068584596],"iteration":718,"passed_time":2.391165663,"remaining_time":0.9345167613},
{"learn":[0.08061015038],"iteration":719,"passed_time":2.394331546,"remaining_time":0.9311289345},
{"learn":[0.08052263373],"iteration":720,"passed_time":2.397401262,"remaining_time":0.9277045105},
{"learn":[0.08040107976],"iteration":721,"passed_time":2.400341539,"remaining_time":0.9242312295},
{"learn":[0.0802986627],"iteration":722,"passed_time":2.403348524,"remaining_time":0.920784981},
{"learn":[0.08010028103],"iteration":723,"passed_time":2.4064041,"remaining_time":0.9173584692},
{"learn":[0.07997386937],"iteration":724,"passed_time":2.40950193,"remaining_time":0.913949008},
{"learn":[0.07993921405],"iteration":725,"passed_time":2.41062976,"remaining_time":0.9097969065},
{"learn":[0.07974387476],"iteration":726,"passed_time":2.413714499,"remaining_time":0.9063879756},
{"learn":[0.07965371942],"iteration":727,"passed_time":2.416711308,"remaining_time":0.902947082},
{"learn":[0.07955964805],"iteration":728,"passed_time":2.419794029,"remaining_time":0.8995393442},
{"learn":[0.07950151248],"iteration":729,"passed_time":2.422815949,"remaining_time":0.8961100087},
{"learn":[0.07935742905],"iteration":730,"passed_time":2.425884831,"remaining_time":0.892699069},
{"learn":[0.07923882777],"iteration":731,"passed_time":2.428877966,"remaining_time":0.8892613319},
{"learn":[0.07915234822],"iteration":732,"passed_time":2.431937263,"remaining_time":0.8858489074},
{"learn":[0.079071792],"iteration":733,"passed_time":2.435199514,"remaining_time":0.8825109954},
{"learn":[0.07887725742],"iteration":734,"passed_time":2.440143077,"remaining_time":0.8797794768},
{"learn":[0.07876969745],"iteration":735,"passed_time":2.445013878,"remaining_time":0.8770158474},
{"learn":[0.07866029921],"iteration":736,"passed_time":2.448235659,"remaining_time":0.8736580438},
{"learn":[0.07851920944],"iteration":737,"passed_time":2.45143733,"remaining_time":0.8702934693},
{"learn":[0.07844275622],"iteration":738,"passed_time":2.454642877,"remaining_time":0.8669307048},
{"learn":[0.0783063993],"iteration":739,"passed_time":2.459796564,"remaining_time":0.8642528469},
{"learn":[0.07820935947],"iteration":740,"passed_time":2.464569788,"remaining_time":0.8614353239},
{"learn":[0.07806470228],"iteration":741,"passed_time":2.467618651,"remaining_time":0.8580129542},
{"learn":[0.07794418159],"iteration":742,"passed_time":2.470713186,"remaining_time":0.8546073872},
{"learn":[0.07785290467],"iteration":743,"passed_time":2.474194972,"remaining_time":0.8513359042},
{"learn":[0.07776396965],"iteration":744,"passed_time":2.479400235,"remaining_time":0.8486537718},
{"learn":[0.07756271418],"iteration":745,"passed_time":2.483413977,"remaining_time":0.8455591827},
{"learn":[0.07747055337],"iteration":746,"passed_time":2.486668716,"remaining_time":0.8422050671},
{"learn":[0.07738392502],"iteration":747,"passed_time":2.489733496,"remaining_time":0.8387872206},
{"learn":[0.07730320257],"iteration":748,"passed_time":2.49310456,"remaining_time":0.8354729567},
{"learn":[0.07728825517],"iteration":749,"passed_time":2.496193392,"remaining_time":0.8320644639},
{"learn":[0.07719310732],"iteration":750,"passed_time":2.499369266,"remaining_time":0.8286856822},
{"learn":[0.07700872307],"iteration":751,"passed_time":2.502445727,"remaining_time":0.8252746546},
{"learn":[0.07692546953],"iteration":752,"passed_time":2.505472387,"remaining_time":0.82184818},
{"learn":[0.0767789941],"iteration":753,"passed_time":2.508560758,"remaining_time":0.8184428999},
{"learn":[0.07663687349],"iteration":754,"passed_time":2.511878783,"remaining_time":0.8151129824},
{"learn":[0.07651901964],"iteration":755,"passed_time":2.51501103,"remaining_time":0.8117231368},
{"learn":[0.07648316314],"iteration":756,"passed_time":2.520250124,"remaining_time":0.8090102775},
{"learn":[0.07636539253],"iteration":757,"passed_time":2.523618376,"remaining_time":0.8056934656},
{"learn":[0.07621225839],"iteration":758,"passed_time":2.527417623,"remaining_time":0.802513369},
{"learn":[0.07611935075],"iteration":759,"passed_time":2.530940777,"remaining_time":0.799244456},
{"learn":[0.0759877693],"iteration":760,"passed_time":2.534242962,"remaining_time":0.7959054769},
{"learn":[0.07587789699],"iteration":761,"passed_time":2.537527732,"remaining_time":0.7925611553},
{"learn":[0.07582628514],"iteration":762,"passed_time":2.540583593,"remaining_time":0.7891458868},
{"learn":[0.07575550547],"iteration":763,"passed_time":2.54369751,"remaining_time":0.7857494927},
{"learn":[0.07572202186],"iteration":764,"passed_time":2.546839614,"remaining_time":0.7823624958},
{"learn":[0.07561951347],"iteration":765,"passed_time":2.550052155,"remaining_time":0.7789976556},
{"learn":[0.07547049771],"iteration":766,"passed_time":2.553254688,"remaining_time":0.7756301724},
{"learn":[0.07533579276],"iteration":767,"passed_time":2.558190773,"remaining_time":0.7727867961},
{"learn":[0.07525528017],"iteration":768,"passed_time":2.564886447,"remaining_time":0.77046654},
{"learn":[0.07512712663],"iteration":769,"passed_time":2.568251344,"remaining_time":0.7671400117},
{"learn":[0.07498584616],"iteration":770,"passed_time":2.571566785,"remaining_time":0.7637986949},
{"learn":[0.07484184235],"iteration":771,"passed_time":2.574778017,"remaining_time":0.7604266681},
{"learn":[0.07470993567],"iteration":772,"passed_time":2.577809641,"remaining_time":0.7570023136},
{"learn":[0.07461258229],"iteration":773,"passed_time":2.580766135,"remaining_time":0.7535570369},
{"learn":[0.07447298942],"iteration":774,"passed_time":2.583950338,"remaining_time":0.7501791305},
{"learn":[0.07432321259],"iteration":775,"passed_time":2.586991754,"remaining_time":0.7467605063},
{"learn":[0.07420157382],"iteration":776,"passed_time":2.590138713,"remaining_time":0.7433731442},
{"learn":[0.07410371028],"iteration":777,"passed_time":2.593342621,"remaining_time":0.7400026503},
{"learn":[0.0739948914],"iteration":778,"passed_time":2.596585319,"remaining_time":0.7366435885},
{"learn":[0.07392863566],"iteration":779,"passed_time":2.600970646,"remaining_time":0.7336071053},
{"learn":[0.07383280667],"iteration":780,"passed_time":2.604417973,"remaining_time":0.7303041436},
{"learn":[0.07371861408],"iteration":781,"passed_time":2.60940407,"remaining_time":0.7274297791},
{"learn":[0.07354693717],"iteration":782,"passed_time":2.613623943,"remaining_time":0.72433767},
{"learn":[0.07344372289],"iteration":783,"passed_time":2.617132383,"remaining_time":0.721046677},
{"learn":[0.07342413428],"iteration":784,"passed_time":2.620890856,"remaining_time":0.7178236103},
{"learn":[0.07330690572],"iteration":785,"passed_time":2.625830391,"remaining_time":0.7149207427},
{"learn":[0.07321926372],"iteration":786,"passed_time":2.629339598,"remaining_time":0.7116255838},
{"learn":[0.07314198514],"iteration":787,"passed_time":2.632519035,"remaining_time":0.7082411616},
{"learn":[0.07304042771],"iteration":788,"passed_time":2.635547451,"remaining_time":0.7048168723},
{"learn":[0.07288423976],"iteration":789,"passed_time":2.638550014,"remaining_time":0.7013867125},
{"learn":[0.07274535519],"iteration":790,"passed_time":2.641611945,"remaining_time":0.6979733205},
{"learn":[0.0726134998],"iteration":791,"passed_time":2.644788048,"remaining_time":0.6945908004},
{"learn":[0.07251383241],"iteration":792,"passed_time":2.647741191,"remaining_time":0.691150601},
{"learn":[0.07244483483],"iteration":793,"passed_time":2.650769774,"remaining_time":0.6877312008},
{"learn":[0.07234753037],"iteration":794,"passed_time":2.653818955,"remaining_time":0.6843180954},
{"learn":[0.07231468441],"iteration":795,"passed_time":2.65697499,"remaining_time":0.6809332889},
{"learn":[0.07217446924],"iteration":796,"passed_time":2.660160358,"remaining_time":0.6775565278},
{"learn":[0.07207552066],"iteration":797,"passed_time":2.663289143,"remaining_time":0.6741659234},
{"learn":[0.07197547915],"iteration":798,"passed_time":2.666279018,"remaining_time":0.6707410296},
{"learn":[0.07192395931],"iteration":799,"passed_time":2.667850261,"remaining_time":0.6669625652},
{"learn":[0.07184199022],"iteration":800,"passed_time":2.670958451,"remaining_time":0.6635714504},
{"learn":[0.07168735296],"iteration":801,"passed_time":2.674474604,"remaining_time":0.66028176},
{"learn":[0.07155555317],"iteration":802,"passed_time":2.67779341,"remaining_time":0.6569430906},
{"learn":[0.07147368055],"iteration":803,"passed_time":2.681139907,"remaining_time":0.653611221},
{"learn":[0.07142373297],"iteration":804,"passed_time":2.684142893,"remaining_time":0.6501961045},
{"learn":[0.07125942912],"iteration":805,"passed_time":2.687468953,"remaining_time":0.6468597727},
{"learn":[0.07115934584],"iteration":806,"passed_time":2.690650263,"remaining_time":0.6434888486},
{"learn":[0.07105203267],"iteration":807,"passed_time":2.693678356,"remaining_time":0.6400819855},
{"learn":[0.07097115246],"iteration":808,"passed_time":2.696797349,"remaining_time":0.63669752},
{"learn":[0.07076023278],"iteration":809,"passed_time":2.699944922,"remaining_time":0.6333204138},
{"learn":[0.07066352221],"iteration":810,"passed_time":2.703039928,"remaining_time":0.6299316232},
{"learn":[0.07049087835],"iteration":811,"passed_time":2.706043233,"remaining_time":0.6265223249},
{"learn":[0.07036221674],"iteration":812,"passed_time":2.709365189,"remaining_time":0.623187319},
{"learn":[0.07022905145],"iteration":813,"passed_time":2.712408378,"remaining_time":0.6197886466},
{"learn":[0.07013388316],"iteration":814,"passed_time":2.71580648,"remaining_time":0.6164714096},
{"learn":[0.07010563334],"iteration":815,"passed_time":2.718908685,"remaining_time":0.6130872524},
{"learn":[0.07008190518],"iteration":816,"passed_time":2.722231284,"remaining_time":0.6097531518},
{"learn":[0.06999126578],"iteration":817,"passed_time":2.725620382,"remaining_time":0.6064338748},
{"learn":[0.06986699853],"iteration":818,"passed_time":2.729057617,"remaining_time":0.6031250655},
{"learn":[0.06982523018],"iteration":819,"passed_time":2.732276753,"remaining_time":0.5997680677},
{"learn":[0.06969992447],"iteration":820,"passed_time":2.735354203,"remaining_time":0.5963805144},
{"learn":[0.06955246789],"iteration":821,"passed_time":2.738804293,"remaining_time":0.5930744089},
{"learn":[0.06945705148],"iteration":822,"passed_time":2.743753957,"remaining_time":0.5900904622},
{"learn":[0.06936263797],"iteration":823,"passed_time":2.746939202,"remaining_time":0.5867248782},
{"learn":[0.06923210715],"iteration":824,"passed_time":2.75132156,"remaining_time":0.5836136642},
{"learn":[0.06917888251],"iteration":825,"passed_time":2.756383916,"remaining_time":0.5806426167},
{"learn":[0.06911183512],"iteration":826,"passed_time":2.761322668,"remaining_time":0.5776406549},
{"learn":[0.06896260451],"iteration":827,"passed_time":2.765408632,"remaining_time":0.5744568655},
{"learn":[0.06881991012],"iteration":828,"passed_time":2.768737117,"remaining_time":0.5711146526},
{"learn":[0.0686763561],"iteration":829,"passed_time":2.772005173,"remaining_time":0.5677600956},
{"learn":[0.06851434713],"iteration":830,"passed_time":2.775348363,"remaining_time":0.5644210269},
{"learn":[0.06844497035],"iteration":831,"passed_time":2.778422323,"remaining_time":0.5610275845},
{"learn":[0.06830646812],"iteration":832,"passed_time":2.781583913,"remaining_time":0.5576524772},
{"learn":[0.06825684058],"iteration":833,"passed_time":2.784982825,"remaining_time":0.5543251187},
{"learn":[0.06814445195],"iteration":834,"passed_time":2.788251015,"remaining_time":0.5509717574},
{"learn":[0.06806760166],"iteration":835,"passed_time":2.791416798,"remaining_time":0.5475985107},
{"learn":[0.06793811687],"iteration":836,"passed_time":2.794747217,"remaining_time":0.5442578212},
{"learn":[0.0677581658],"iteration":837,"passed_time":2.798252362,"remaining_time":0.5409509339},
{"learn":[0.06764839564],"iteration":838,"passed_time":2.801563791,"remaining_time":0.537606401},
{"learn":[0.06754192322],"iteration":839,"passed_time":2.804666681,"remaining_time":0.5342222249},
{"learn":[0.06743870664],"iteration":840,"passed_time":2.807953471,"remaining_time":0.5308734863},
{"learn":[0.06729624006],"iteration":841,"passed_time":2.811416525,"remaining_time":0.5275579703},
{"learn":[0.06715448392],"iteration":842,"passed_time":2.814544264,"remaining_time":0.5241796554},
{"learn":[0.0670794496],"iteration":843,"passed_time":2.817740153,"remaining_time":0.5208145306},
{"learn":[0.06691894908],"iteration":844,"passed_time":2.820696677,"remaining_time":0.5174058994},
{"learn":[0.06682417194],"iteration":845,"passed_time":2.823804584,"remaining_time":0.5140258936},
{"learn":[0.06670107568],"iteration":846,"passed_time":2.826766636,"remaining_time":0.5106201833},
{"learn":[0.06656311642],"iteration":847,"passed_time":2.829878241,"remaining_time":0.5072423262},
{"learn":[0.0665108328],"iteration":848,"passed_time":2.832919595,"remaining_time":0.5038526018},
{"learn":[0.06637070346],"iteration":849,"passed_time":2.835972547,"remaining_time":0.5004657436},
{"learn":[0.06625340621],"iteration":850,"passed_time":2.839222209,"remaining_time":0.4971141118},
{"learn":[0.06618111907],"iteration":851,"passed_time":2.842522722,"remaining_time":0.4937715526},
{"learn":[0.06613358083],"iteration":852,"passed_time":2.845624713,"remaining_time":0.4903948802},
{"learn":[0.06603548248],"iteration":853,"passed_time":2.848643124,"remaining_time":0.4870045622},
{"learn":[0.06596965205],"iteration":854,"passed_time":2.85183823,"remaining_time":0.4836450799},
{"learn":[0.06587919208],"iteration":855,"passed_time":2.85477439,"remaining_time":0.4802424207},
{"learn":[0.06575888446],"iteration":856,"passed_time":2.857847309,"remaining_time":0.47686367},
{"learn":[0.065734755],"iteration":857,"passed_time":2.860769947,"remaining_time":0.4734607604},
{"learn":[0.06565824382],"iteration":858,"passed_time":2.863864726,"remaining_time":0.470087225},
{"learn":[0.06554160655],"iteration":859,"passed_time":2.86686084,"remaining_time":0.4666982762},
{"learn":[0.06540444899],"iteration":860,"passed_time":2.870053328,"remaining_time":0.4633419427},
{"learn":[0.06535462111],"iteration":861,"passed_time":2.872994834,"remaining_time":0.4599458086},
{"learn":[0.06520101432],"iteration":862,"passed_time":2.875968603,"remaining_time":0.45655585},
{"learn":[0.0650936145],"iteration":863,"passed_time":2.878902981,"remaining_time":0.4531606545},
{"learn":[0.06495039179],"iteration":864,"passed_time":2.88196797,"remaining_time":0.4497869086},
{"learn":[0.06485958348],"iteration":865,"passed_time":2.885253295,"remaining_time":0.4464479695},
{"learn":[0.06477647779],"iteration":866,"passed_time":2.888405095,"remaining_time":0.4430886709},
{"learn":[0.06465145799],"iteration":867,"passed_time":2.891693807,"remaining_time":0.4397506711},
{"learn":[0.06455082388],"iteration":868,"passed_time":2.894772466,"remaining_time":0.4363811197},
{"learn":[0.06442425523],"iteration":869,"passed_time":2.898136349,"remaining_time":0.4330548567},
{"learn":[0.06435275418],"iteration":870,"passed_time":2.901318498,"remaining_time":0.4297015915},
{"learn":[0.06419687946],"iteration":871,"passed_time":2.904369864,"remaining_time":0.4263295213},
{"learn":[0.06413370515],"iteration":872,"passed_time":2.907459405,"remaining_time":0.4229637394},
{"learn":[0.06410840561],"iteration":873,"passed_time":2.910523,"remaining_time":0.4195948489},
{"learn":[0.06400171999],"iteration":874,"passed_time":2.913600209,"remaining_time":0.4162286014},
{"learn":[0.06388174358],"iteration":875,"passed_time":2.916662298,"remaining_time":0.4128608732},
{"learn":[0.06379932826],"iteration":876,"passed_time":2.919497158,"remaining_time":0.4094619732},
{"learn":[0.06370822054],"iteration":877,"passed_time":2.922591909,"remaining_time":0.4061004703},
{"learn":[0.0636189657],"iteration":878,"passed_time":2.925518968,"remaining_time":0.4027164905},
{"learn":[0.0634950081],"iteration":879,"passed_time":2.928454923,"remaining_time":0.3993347623},
{"learn":[0.06340733445],"iteration":880,"passed_time":2.931459976,"remaining_time":0.3959633793},
{"learn":[0.06329551717],"iteration":881,"passed_time":2.934496283,"remaining_time":0.3925970084},
{"learn":[0.06317773827],"iteration":882,"passed_time":2.937596572,"remaining_time":0.3892398629},
{"learn":[0.06300958865],"iteration":883,"passed_time":2.940634534,"remaining_time":0.3858751199},
{"learn":[0.06287234894],"iteration":884,"passed_time":2.943639688,"remaining_time":0.3825068522},
{"learn":[0.06277037531],"iteration":885,"passed_time":2.946849769,"remaining_time":0.3791657716},
{"learn":[0.06268937076],"iteration":886,"passed_time":2.94987109,"remaining_time":0.3758009393},
{"learn":[0.06261083208],"iteration":887,"passed_time":2.952994496,"remaining_time":0.3724497563},
{"learn":[0.06253151733],"iteration":888,"passed_time":2.959274231,"remaining_time":0.3694931829},
{"learn":[0.06249689019],"iteration":889,"passed_time":2.962760012,"remaining_time":0.3661838217},
{"learn":[0.06239705692],"iteration":890,"passed_time":2.965826247,"remaining_time":0.3628227396},
{"learn":[0.06228646282],"iteration":891,"passed_time":2.968994527,"remaining_time":0.3594746736},
{"learn":[0.06219530405],"iteration":892,"passed_time":2.972237743,"remaining_time":0.3561359894},
{"learn":[0.06210027997],"iteration":893,"passed_time":2.97544573,"remaining_time":0.3527933416},
{"learn":[0.06200473265],"iteration":894,"passed_time":2.978624684,"remaining_time":0.3494475886},
{"learn":[0.06189761335],"iteration":895,"passed_time":2.981708372,"remaining_time":0.3460911503},
{"learn":[0.0618374386],"iteration":896,"passed_time":2.984950192,"remaining_time":0.3427534781},
{"learn":[0.06178464069],"iteration":897,"passed_time":2.988014974,"remaining_time":0.3393959102},
{"learn":[0.06166016267],"iteration":898,"passed_time":2.991291408,"remaining_time":0.3360627722},
{"learn":[0.06157690049],"iteration":899,"passed_time":2.994361338,"remaining_time":0.3327068154},
{"learn":[0.06150948208],"iteration":900,"passed_time":2.997426161,"remaining_time":0.3293509322},
{"learn":[0.06141323534],"iteration":901,"passed_time":3.00047121,"remaining_time":0.3259935461},
{"learn":[0.06135101957],"iteration":902,"passed_time":3.003857927,"remaining_time":0.3226735536},
{"learn":[0.06131316373],"iteration":903,"passed_time":3.007216166,"remaining_time":0.3193503893},
{"learn":[0.06116422217],"iteration":904,"passed_time":3.010246908,"remaining_time":0.3159927693},
{"learn":[0.06110609122],"iteration":905,"passed_time":3.013309786,"remaining_time":0.3126392052},
{"learn":[0.06099164376],"iteration":906,"passed_time":3.016412483,"remaining_time":0.3092903648},
{"learn":[0.06088883839],"iteration":907,"passed_time":3.019579793,"remaining_time":0.3059486133},
{"learn":[0.06080558903],"iteration":908,"passed_time":3.022598283,"remaining_time":0.3025923473},
{"learn":[0.06070405087],"iteration":909,"passed_time":3.025566804,"remaining_time":0.2992318818},
{"learn":[0.0605973154],"iteration":910,"passed_time":3.028717045,"remaining_time":0.2958900297},
{"learn":[0.06045552009],"iteration":911,"passed_time":3.031902323,"remaining_time":0.2925519786},
{"learn":[0.06034839324],"iteration":912,"passed_time":3.034887809,"remaining_time":0.2891952239},
{"learn":[0.06024849952],"iteration":913,"passed_time":3.037914212,"remaining_time":0.2858431315},
{"learn":[0.06016278543],"iteration":914,"passed_time":3.040803049,"remaining_time":0.2824789717},
{"learn":[0.0601311344],"iteration":915,"passed_time":3.043656592,"remaining_time":0.2791126132},
{"learn":[0.06009536091],"iteration":916,"passed_time":3.045130252,"remaining_time":0.2756224765},
{"learn":[0.05997555588],"iteration":917,"passed_time":3.048057641,"remaining_time":0.2722665866},
{"learn":[0.05987019411],"iteration":918,"passed_time":3.051136374,"remaining_time":0.2689249687},
{"learn":[0.05979359645],"iteration":919,"passed_time":3.054298109,"remaining_time":0.2655911399},
{"learn":[0.05968612722],"iteration":920,"passed_time":3.057246213,"remaining_time":0.2622393603},
{"learn":[0.0596707396],"iteration":921,"passed_time":3.060203562,"remaining_time":0.2588892384},
{"learn":[0.05953951976],"iteration":922,"passed_time":3.063124595,"remaining_time":0.255536938},
{"learn":[0.05941740874],"iteration":923,"passed_time":3.066233574,"remaining_time":0.2522010299},
{"learn":[0.059286031],"iteration":924,"passed_time":3.069144562,"remaining_time":0.248849559},
{"learn":[0.0592145796],"iteration":925,"passed_time":3.07218192,"remaining_time":0.2455091383},
{"learn":[0.05905672938],"iteration":926,"passed_time":3.075120609,"remaining_time":0.2421616013},
{"learn":[0.0590447605],"iteration":927,"passed_time":3.07793805,"remaining_time":0.2388055384},
{"learn":[0.05897370826],"iteration":928,"passed_time":3.08103081,"remaining_time":0.2354716766},
{"learn":[0.05889862069],"iteration":929,"passed_time":3.084026407,"remaining_time":0.2321310199},
{"learn":[0.05880266144],"iteration":930,"passed_time":3.087084981,"remaining_time":0.2287957719},
{"learn":[0.05873617197],"iteration":931,"passed_time":3.090059841,"remaining_time":0.2254550099},
{"learn":[0.05863591331],"iteration":932,"passed_time":3.092899637,"remaining_time":0.222105333},
{"learn":[0.05858902668],"iteration":933,"passed_time":3.095988718,"remaining_time":0.2187743634},
{"learn":[0.05847352448],"iteration":934,"passed_time":3.09890911,"remaining_time":0.2154321842},
{"learn":[0.05840545002],"iteration":935,"passed_time":3.102041494,"remaining_time":0.2121054013},
{"learn":[0.05833514161],"iteration":936,"passed_time":3.105122387,"remaining_time":0.2087755714},
{"learn":[0.05826444165],"iteration":937,"passed_time":3.10824018,"remaining_time":0.2054487112},
{"learn":[0.0581810968],"iteration":938,"passed_time":3.11156304,"remaining_time":0.2021356182},
{"learn":[0.05807651253],"iteration":939,"passed_time":3.114628304,"remaining_time":0.198806062},
{"learn":[0.05799408078],"iteration":940,"passed_time":3.117757803,"remaining_time":0.195481095},
{"learn":[0.0578477967],"iteration":941,"passed_time":3.120848445,"remaining_time":0.1921541506},
{"learn":[0.0577449035],"iteration":942,"passed_time":3.123837371,"remaining_time":0.188821559},
{"learn":[0.05762142951],"iteration":943,"passed_time":3.127032587,"remaining_time":0.1855019331},
{"learn":[0.0575311594],"iteration":944,"passed_time":3.130143377,"remaining_time":0.1821776568},
{"learn":[0.0574351764],"iteration":945,"passed_time":3.133214958,"remaining_time":0.1788515938},
{"learn":[0.05731309805],"iteration":946,"passed_time":3.136304124,"remaining_time":0.1755270523},
{"learn":[0.05729310246],"iteration":947,"passed_time":3.139217011,"remaining_time":0.1721933381},
{"learn":[0.05714855687],"iteration":948,"passed_time":3.142296686,"remaining_time":0.1688694742},
{"learn":[0.05709198103],"iteration":949,"passed_time":3.145226896,"remaining_time":0.1655382577},
{"learn":[0.05704973941],"iteration":950,"passed_time":3.148183031,"remaining_time":0.1622092203},
{"learn":[0.05696143003],"iteration":951,"passed_time":3.151197786,"remaining_time":0.158883922},
{"learn":[0.0569026957],"iteration":952,"passed_time":3.156191729,"remaining_time":0.1556568849},
{"learn":[0.05682692711],"iteration":953,"passed_time":3.159680074,"remaining_time":0.1523535466},
{"learn":[0.05673402985],"iteration":954,"passed_time":3.163205121,"remaining_time":0.1490515502},
{"learn":[0.05663997104],"iteration":955,"passed_time":3.166355131,"remaining_time":0.1457318261},
{"learn":[0.05655955916],"iteration":956,"passed_time":3.169499683,"remaining_time":0.1424122115},
{"learn":[0.05643855197],"iteration":957,"passed_time":3.172749566,"remaining_time":0.1390975802},
{"learn":[0.05635358373],"iteration":958,"passed_time":3.175745916,"remaining_time":0.1357722446},
{"learn":[0.05626525773],"iteration":959,"passed_time":3.179047394,"remaining_time":0.1324603081},
{"learn":[0.05615624963],"iteration":960,"passed_time":3.182093016,"remaining_time":0.12913801},
{"learn":[0.05608501171],"iteration":961,"passed_time":3.185445508,"remaining_time":0.1258284088},
{"learn":[0.05599574683],"iteration":962,"passed_time":3.18838412,"remaining_time":0.1225028167},
{"learn":[0.05588814371],"iteration":963,"passed_time":3.191331613,"remaining_time":0.119178359},
{"learn":[0.05574610353],"iteration":964,"passed_time":3.194128112,"remaining_time":0.1158492061},
{"learn":[0.05562422063],"iteration":965,"passed_time":3.19727518,"remaining_time":0.112533495},
{"learn":[0.05554786774],"iteration":966,"passed_time":3.20032735,"remaining_time":0.1092148941},
{"learn":[0.05547146027],"iteration":967,"passed_time":3.203308966,"remaining_time":0.1058945113},
{"learn":[0.05542219236],"iteration":968,"passed_time":3.206445722,"remaining_time":0.1025797909},
{"learn":[0.05531974606],"iteration":969,"passed_time":3.209610564,"remaining_time":0.09926630612},
{"learn":[0.05526248672],"iteration":970,"passed_time":3.212626374,"remaining_time":0.09594867646},
{"learn":[0.05515179652],"iteration":971,"passed_time":3.215607292,"remaining_time":0.09263066272},
{"learn":[0.05506092469],"iteration":972,"passed_time":3.218624834,"remaining_time":0.08931435819},
{"learn":[0.0549694229],"iteration":973,"passed_time":3.221634864,"remaining_time":0.0859984666},
{"learn":[0.05487063925],"iteration":974,"passed_time":3.224646697,"remaining_time":0.08268324865},
{"learn":[0.05477374169],"iteration":975,"passed_time":3.227615204,"remaining_time":0.07936758698},
{"learn":[0.05469347184],"iteration":976,"passed_time":3.230849829,"remaining_time":0.07605890079},
{"learn":[0.05463510822],"iteration":977,"passed_time":3.233897133,"remaining_time":0.07274615227},
{"learn":[0.05460032709],"iteration":978,"passed_time":3.236863967,"remaining_time":0.06943221992},
{"learn":[0.05454595883],"iteration":979,"passed_time":3.240086177,"remaining_time":0.06612420769},
{"learn":[0.05449520142],"iteration":980,"passed_time":3.243458071,"remaining_time":0.06281926948},
{"learn":[0.05439537777],"iteration":981,"passed_time":3.246902027,"remaining_time":0.05951551576},
{"learn":[0.05432883812],"iteration":982,"passed_time":3.250053448,"remaining_time":0.05620641772},
{"learn":[0.0542215297],"iteration":983,"passed_time":3.253090339,"remaining_time":0.05289577787},
{"learn":[0.0541584617],"iteration":984,"passed_time":3.25629852,"remaining_time":0.04958830233},
{"learn":[0.05404289364],"iteration":985,"passed_time":3.259457589,"remaining_time":0.04628033088},
{"learn":[0.05400583742],"iteration":986,"passed_time":3.262339359,"remaining_time":0.04296900879},
{"learn":[0.05391075859],"iteration":987,"passed_time":3.265367498,"remaining_time":0.03966033398},
{"learn":[0.05378464776],"iteration":988,"passed_time":3.268659831,"remaining_time":0.03635516496},
{"learn":[0.05368427686],"iteration":989,"passed_time":3.27174731,"remaining_time":0.03304795262},
{"learn":[0.05362087874],"iteration":990,"passed_time":3.274954657,"remaining_time":0.02974227237},
{"learn":[0.05353775239],"iteration":991,"passed_time":3.277837857,"remaining_time":0.02643417626},
{"learn":[0.05345388131],"iteration":992,"passed_time":3.280924229,"remaining_time":0.02312836818},
{"learn":[0.05332456615],"iteration":993,"passed_time":3.283828699,"remaining_time":0.01982190362},
{"learn":[0.05321798942],"iteration":994,"passed_time":3.287008166,"remaining_time":0.01651762898},
{"learn":[0.05311781363],"iteration":995,"passed_time":3.290170223,"remaining_time":0.01321353503},
{"learn":[0.05305873631],"iteration":996,"passed_time":3.293172009,"remaining_time":0.009909243757},
{"learn":[0.05298724431],"iteration":997,"passed_time":3.296065354,"remaining_time":0.00660534139},
{"learn":[0.05292369053],"iteration":998,"passed_time":3.299069676,"remaining_time":0.003302372048},
{"learn":[0.05285442423],"iteration":999,"passed_time":3.30203173,"remaining_time":0}
]}